Time,BNO055_ARX,BNO055_ARY,BNO055_ARZ,BNO055_AX,BNO055_AY,BNO055_AZ,BNO055_GX,BNO055_GY,BNO055_GZ,BNO055_MX,BNO055_MY,BNO055_MZ,BNO055_Q0,BNO055_Q1,BNO055_Q2,BNO055_Q3,MPU9250_AX,MPU9250_AY,MPU9250_AZ,MPU9250_GX,MPU9250_GY,MPU9250_GZ,MPU9250_MX,MPU9250_MY,MPU9250_MZ
2024-05-17 12:10:23.0,-0.80506,-0.92794,9.67294,1.34080,-5.34405,-8.04480,8.54492,-21.97266,4.57764,-9,184,291,-5448,15148,2835,1128,2.32725,-4.88435,-7.97298,2.31934,-9.82666,15.56396,44,3,-95
2024-05-17 12:10:23.1,-0.60352,-0.06100,8.95369,1.69516,-5.48771,-6.89555,8.17871,-21.17920,4.15039,-68,312,156,-5487,15158,2618,1302,2.43260,-5.22433,-7.58510,10.13184,-16.23535,8.60596,46,3,-93
2024-05-17 12:10:23.2,-1.55255,0.75063,9.96646,1.35038,-6.97216,-7.20202,8.17871,-21.54541,4.57764,0,191,178,-5472,15179,2431,1473,2.20753,-7.38877,-7.63778,5.06592,-10.68115,10.68115,46,4,-97
2024-05-17 12:10:23.3,-1.02944,0.48113,9.33342,1.35038,-6.57950,-6.57950,6.04248,-21.97266,4.88281,480,-77,364,-5831,15101,2169,1296,2.22190,-6.74231,-6.94343,-24.78027,5.00488,23.80371,45,7,-98
2024-05-17 12:10:23.4,0.84644,-0.84154,8.51914,2.62414,-4.89392,-6.56992,6.04248,-20.75195,6.04248,221,169,209,-6164,14996,2017,1225,3.48608,-5.29616,-6.67048,-10.98633,-8.48389,13.00049,43,6,-100
2024-05-17 12:10:23.5,1.24127,0.39454,9.25565,3.49566,-6.17726,-6.08149,6.04248,-22.21680,6.83594,-261,565,139,-6187,15002,1718,1469,4.52041,-6.34486,-6.49331,19.10400,-31.92139,8.54492,47,7,-98
2024-05-17 12:10:23.6,-1.13389,-0.64050,10.68522,1.58023,-6.95301,-8.06396,4.94385,-21.17920,6.83594,-4,276,270,-6123,15038,1366,1717,2.52837,-6.95301,-8.58113,4.33350,-15.07568,17.45605,48,11,-100
2024-05-17 12:10:23.7,-0.20036,0.00432,9.67568,2.32725,-6.73274,-6.55077,5.37109,-21.54541,5.61523,578,294,185,-6357,14940,1236,1814,3.41904,-6.18684,-7.40792,-30.63965,-17.39502,13.24463,46,9,-99
2024-05-17 12:10:23.8,0.67109,-0.77436,7.62700,2.64329,-4.76942,-5.43024,4.88281,-21.54541,6.40869,-62,168,-57,-6607,14826,1230,1863,3.45735,-4.85083,-5.25785,6.77490,-9.15527,-2.92969,46,9,-102
2024-05-17 12:10:23.9,-0.52369,0.36943,10.21262,2.39429,-7.29779,-6.76147,4.45557,-21.85059,7.01904,-648,321,261,-6228,14971,1064,2093,3.44298,-7.40314,-6.72316,41.01562,-16.47949,14.70947,48,9,-99
2024-05-17 12:10:24.0,-0.49064,-0.40356,9.62459,2.38471,-6.34007,-6.86682,4.45557,-21.85059,6.34766,239,192,160,-6220,14958,900,2284,3.38073,-6.07670,-7.13498,-11.10840,-10.80322,11.16943,47,11,-100
2024-05-17 12:10:24.1,0.12975,-0.67384,9.65156,3.05511,-6.15811,-6.80935,4.45557,-21.48438,6.71387,32,54,-99,-6353,14892,890,2350,4.27620,-6.44542,-7.12540,0.91553,-2.86865,-5.43213,45,10,-98
2024-05-17 12:10:24.2,-0.53007,-0.28823,9.43267,2.41344,-6.29219,-6.62739,3.47900,-21.85059,7.01904,-298,84,162,-6210,14942,748,2459,2.94018,-6.54119,-6.69443,19.59229,-1.77002,9.03320,46,12,-98
2024-05-17 12:10:24.3,0.76298,-0.41395,8.65585,3.44777,-5.27701,-5.99529,3.47900,-21.85059,5.92041,-261,0,-19,-6026,15009,682,2524,4.47732,-5.85643,-6.28261,24.29199,7.08008,-2.01416,45,10,-96
2024-05-17 12:10:24.4,-1.01110,-0.44671,8.70440,1.38869,-5.14293,-6.97216,3.47900,-21.05713,4.88281,-977,-145,866,-5452,15279,170,2288,1.98247,-4.87477,-7.82932,63.84277,13.54980,49.43848,46,11,-93
2024-05-17 12:10:24.5,-1.52577,1.58942,11.17370,0.96729,-7.79580,-8.24592,2.01416,-20.69092,2.19727,-289,-38,71,-4952,15475,-220,2093,2.70554,-7.28821,-8.71042,13.97705,4.15039,3.47900,43,11,-91
2024-05-17 12:10:24.6,0.87655,-0.47231,9.46817,2.97849,-4.92265,-7.58510,0.18311,-21.54541,2.50244,-218,-16,144,-4838,15522,-321,1997,3.84523,-5.37278,-7.78143,16.11328,1.15967,9.76562,43,14,-91
2024-05-17 12:10:24.7,-0.27911,0.79643,10.28421,1.88670,-6.44542,-7.83411,0.54932,-21.17920,0.48828,242,166,52,-4796,15523,-494,2053,2.75822,-5.83727,-8.17888,-14.52637,-9.82666,3.84521,43,12,-88
2024-05-17 12:10:24.8,0.16437,-1.19959,9.43885,2.47090,-4.51084,-8.00650,0.54932,-21.97266,1.22070,39,115,130,-4972,15452,-569,2151,3.49087,-4.95617,-8.56676,4.57764,-4.88281,11.41357,46,15,-92
2024-05-17 12:10:24.9,0.86321,-0.37041,9.83289,3.12215,-5.51644,-7.57552,-0.54932,-21.97266,0.48828,409,39,-249,-5070,15414,-622,2184,3.91227,-5.69361,-8.28423,-21.05713,-2.99072,-9.27734,45,13,-93
2024-05-17 12:10:25.0,-0.47231,-0.10229,10.40444,1.86754,-6.27303,-8.10227,-0.54932,-21.54541,1.64795,201,-196,50,-5248,15362,-584,2137,2.87793,-6.19163,-8.46620,-8.78906,12.14600,4.57764,43,14,-92
2024-05-17 12:10:25.1,0.22262,-1.02150,8.45265,2.12613,-4.40549,-6.97216,-0.54932,-21.54541,3.60107,-126,-188,-66,-5323,15356,-524,2010,3.09821,-3.80213,-7.67608,8.78906,12.14600,-2.80762,45,13,-93
2024-05-17 12:10:25.2,-0.84811,-0.07238,9.71648,1.25461,-5.66009,-7.84368,0.48828,-22.33887,2.01416,-459,-195,-404,-5041,15464,-309,1950,2.26021,-5.20997,-8.49493,27.03857,13.00049,-24.04785,46,14,-91
2024-05-17 12:10:25.3,-0.46397,0.01530,9.99245,1.76220,-5.41109,-8.22677,0.73242,-21.54541,0.48828,-370,-280,-725,-4636,15604,207,1845,2.86357,-5.45419,-8.80140,21.78955,18.06641,-44.49463,45,12,-91
2024-05-17 12:10:25.4,0.40640,0.52095,10.19192,2.78695,-5.51644,-8.13100,2.68555,-20.87402,0.48828,-128,-257,-587,-4405,15661,776,1779,4.03677,-5.52601,-8.50451,7.14111,16.41846,-35.52246,43,7,-90
2024-05-17 12:10:25.5,0.53840,0.25959,9.80553,2.92103,-5.14293,-7.84368,3.78418,-21.24023,0.48828,604,-227,-495,-4579,15581,1367,1685,3.71115,-5.68404,-7.96819,-35.27832,10.37598,-20.69092,45,8,-90
2024-05-17 12:10:25.6,-0.21870,-0.87733,8.22082,1.73346,-3.85959,-7.10624,5.43213,-21.97266,1.52588,377,43,-169,-4934,15452,1604,1656,2.49964,-3.62974,-7.39356,-20.38574,-2.50244,-8.48389,46,4,-92
2024-05-17 12:10:25.7,-0.32491,-0.27116,8.68047,1.95374,-4.63534,-7.08709,5.12695,-21.97266,2.31934,72,-53,-405,-4986,15399,1880,1705,2.88272,-4.95139,-7.47975,-3.35693,3.35693,-23.49854,42,6,-92
2024-05-17 12:10:25.8,0.48015,0.45926,9.01361,2.98807,-5.04716,-6.87639,6.59180,-21.17920,1.95312,-191,-33,-255,-4900,15401,2077,1711,3.97452,-4.93223,-7.03442,13.18359,2.80762,-15.74707,45,6,-92
2024-05-17 12:10:25.9,-0.21075,0.29745,10.55096,2.90188,-5.75587,-8.36085,7.32422,-20.75195,2.68555,-149,290,63,-4753,15424,2117,1861,3.90748,-5.95699,-9.17012,11.90186,-15.93018,5.06592,44,5,-92
2024-05-17 12:10:26.0,-0.45269,-1.54519,10.06022,2.31767,-4.12775,-9.02167,6.59180,-21.54541,1.95312,-85,100,367,-4774,15429,1914,1981,3.25623,-4.31451,-9.80221,10.07080,-3.05176,24.04785,43,6,-93
2024-05-17 12:10:26.1,-0.86439,0.21536,10.35188,2.08782,-5.96656,-8.24592,5.43213,-21.17920,0.85449,520,-69,52,-4886,15428,1748,1868,2.97849,-5.58348,-8.63380,-30.02930,3.29590,5.31006,44,6,-93
2024-05-17 12:10:26.2,-1.37190,-0.69600,8.54003,0.85237,-4.75027,-7.21159,5.37109,-22.21680,1.95312,340,-281,-179,-5238,15323,1821,1695,1.55629,-4.40549,-7.49891,-19.28711,16.84570,-12.93945,45,7,-94
2024-05-17 12:10:26.3,-0.01746,-0.19408,8.36370,2.14528,-4.74069,-6.55077,6.10352,-22.21680,3.41797,71,-227,-244,-5354,15255,2149,1557,3.25623,-4.86519,-6.84287,-3.11279,13.18359,-13.79395,44,7,-95
2024-05-17 12:10:26.4,2.57326,0.76799,9.55692,5.08547,-5.31532,-6.66570,6.10352,-20.75195,3.78418,44,-142,-107,-5396,15213,2397,1457,5.49728,-5.85164,-6.82851,2.62451,7.44629,1.22070,45,5,-94
2024-05-17 12:10:26.5,-0.37747,-0.35237,10.13181,2.22190,-5.79417,-8.02565,6.83594,-20.75195,2.68555,34,304,156,-5382,15243,2186,1527,3.28017,-6.37838,-8.67211,-6.04248,-15.99121,7.20215,44,6,-95
2024-05-17 12:10:26.6,-0.51281,-1.17968,11.10447,2.24105,-6.02403,-9.14618,5.73730,-21.97266,3.78418,161,128,393,-5573,15200,1944,1602,2.99286,-5.57869,-9.43828,-9.39941,0.24414,23.01025,45,5,-96
2024-05-17 12:10:26.7,-0.18506,-2.40419,8.59025,1.57065,-3.61058,-8.00650,5.43213,-21.54541,4.15039,-207,-51,77,-5657,15203,1765,1480,2.42302,-3.22750,-8.54282,15.99121,4.82178,3.84521,45,7,-95
2024-05-17 12:10:26.8,-0.37482,0.81124,11.21970,2.50921,-7.34567,-8.15015,5.12695,-22.33887,3.78418,-4,-151,-283,-5363,15298,1835,1505,3.63453,-6.99132,-8.26029,4.94385,10.62012,-14.83154,45,5,-94
2024-05-17 12:10:26.9,0.61049,-1.21823,8.46540,2.66245,-3.97452,-7.11582,6.22559,-22.03369,3.78418,3,399,-82,-5491,15218,1996,1651,3.47172,-4.01761,-7.31215,0.91553,-22.09473,-4.76074,44,7,-94
2024-05-17 12:10:27.0,-0.13102,-0.37188,7.08477,1.93458,-3.95536,-5.56432,6.89697,-21.66748,2.99072,53,30,-303,-5506,15155,2255,1836,2.57625,-4.19000,-5.84206,-3.66211,-0.91553,-19.10400,45,5,-95
2024-05-17 12:10:27.1,0.15162,1.09387,10.18771,3.54354,-6.44542,-7.13498,6.59180,-22.03369,3.41797,-499,-54,-227,-5216,15222,2407,1933,4.49647,-7.06794,-7.24990,30.76172,5.55420,-15.13672,45,4,-92
2024-05-17 12:10:27.2,-0.42200,-0.24488,10.61039,2.94976,-5.79417,-8.39916,7.99561,-21.66748,3.47900,263,201,74,-5158,15235,2392,2004,3.82128,-5.88516,-8.62422,-12.51221,-11.47461,5.92041,46,4,-94
2024-05-17 12:10:27.3,-0.91421,0.09130,9.40393,2.13570,-5.86121,-7.09667,7.32422,-20.87402,2.99072,420,-132,177,-5466,15147,2289,1974,3.05032,-5.85164,-7.65693,-22.58301,8.30078,12.26807,45,4,-95
2024-05-17 12:10:27.4,-2.53864,-1.57128,7.82746,-0.34478,-4.55872,-7.02005,7.56836,-21.66748,4.15039,322,-458,-398,-5737,15050,2454,1730,0.48843,-3.93142,-7.88678,-19.40918,27.70996,-23.86475,45,5,-94
2024-05-17 12:10:27.5,-0.86959,-2.56551,8.50600,1.06306,-3.80213,-8.00650,9.03320,-21.66748,4.45557,258,-594,-1118,-5780,14887,3344,1492,2.42781,-3.64889,-8.40395,-18.00537,34.60693,-67.44385,46,2,-94
2024-05-17 12:10:27.6,5.07748,7.46303,13.82434,11.97144,-10.05601,-5.30574,12.20703,-21.24023,4.15039,1578,-92,-287,-5856,14615,4348,1285,11.56920,-8.49972,-3.51960,-90.63721,-0.79346,-5.24902,41,-2,-96
2024-05-17 12:10:27.7,-0.40797,-1.33552,9.47876,2.03993,-5.29616,-7.71918,11.90186,-20.87402,6.04248,-334,370,785,-6030,14701,3806,1216,2.31288,-5.22433,-8.95463,29.47998,-18.79883,45.83740,42,1,-95
2024-05-17 12:10:27.8,-1.67582,0.02972,9.29292,1.25461,-6.57950,-6.65612,10.00977,-22.03369,5.92041,62,670,229,-6014,14846,3134,1429,3.10778,-7.47018,-7.34567,-2.07520,-43.33496,3.96729,45,2,-97
2024-05-17 12:10:27.9,0.08973,-0.75887,8.58877,2.78695,-4.94181,-6.49331,8.85010,-20.87402,6.34766,-172,568,291,-6133,14815,2796,1874,3.65847,-4.98491,-7.04399,16.72363,-29.17480,16.96777,43,4,-98
2024-05-17 12:10:28.0,-0.42258,-0.34805,9.43659,2.96892,-5.82291,-6.82851,8.54492,-21.66748,6.59180,-275,539,63,-6026,14861,2477,2265,3.67284,-5.77502,-7.44623,17.08984,-28.50342,4.27246,44,2,-98
2024-05-17 12:10:28.1,-0.57096,-0.71621,10.49192,3.57228,-6.18684,-7.73834,8.17871,-21.66748,5.55420,144,419,-210,-6001,14826,2351,2664,4.76463,-6.21078,-8.28902,-8.85010,-23.07129,-11.84082,44,3,-96
2024-05-17 12:10:28.2,-0.71434,-0.56665,9.92851,3.41904,-6.10064,-7.10624,8.54492,-21.66748,5.92041,99,-63,65,-6148,14732,2406,2793,4.15648,-6.42148,-7.52764,-2.99072,6.16455,8.05664,45,3,-98
2024-05-17 12:10:28.3,0.38836,-1.49743,7.74233,3.21792,-3.81171,-6.11980,8.85010,-21.66748,7.38525,-36,-59,170,-6250,14734,2333,2618,3.72551,-3.62016,-5.47813,11.90186,5.43213,7.50732,45,4,-100
2024-05-17 12:10:28.4,-1.13065,0.90793,10.93735,3.16046,-7.72876,-7.21159,7.81250,-22.03369,6.53076,-520,-397,225,-5858,14938,2181,2494,4.31929,-8.41352,-7.13976,27.16064,28.01514,9.27734,46,4,-97
2024-05-17 12:10:28.5,-0.25224,-1.89932,8.57524,2.32725,-3.90748,-7.51806,7.38525,-20.56885,5.43213,-296,-195,421,-5696,15079,1979,2170,3.28975,-3.89311,-8.00650,17.70020,14.70947,25.87891,44,5,-95
2024-05-17 12:10:28.6,0.35923,0.82428,9.81377,3.38073,-6.30176,-6.78062,7.81250,-21.66748,5.43213,-90,-5,309,-5443,15213,1870,1967,4.34803,-6.78062,-6.77583,10.07080,4.69971,15.56396,44,5,-94
2024-05-17 12:10:28.7,0.53791,0.20448,8.94712,3.12215,-5.27701,-6.54119,6.04248,-21.24023,3.60107,-225,344,377,-5367,15272,1546,2001,4.07508,-5.57390,-6.62260,16.84570,-17.57812,22.27783,45,7,-95
2024-05-17 12:10:28.8,-0.58842,0.24194,9.29792,2.21232,-5.77502,-6.97216,5.12695,-22.70508,3.60107,-4,394,295,-5313,15298,1107,2224,3.17482,-5.59305,-7.53722,4.51660,-22.39990,19.16504,44,9,-94
2024-05-17 12:10:28.9,-0.65315,0.12582,9.35225,2.26978,-5.72713,-7.06794,3.66211,-22.33887,3.17383,-7,384,141,-5289,15293,733,2461,3.46214,-5.21955,-7.40792,5.55420,-21.91162,10.86426,46,9,-94
2024-05-17 12:10:29.0,0.42562,-1.47586,10.20820,3.84044,-4.91308,-8.22677,3.66211,-22.46094,4.27246,6,237,113,-5429,15207,686,2689,4.89392,-5.30574,-8.66253,2.56348,-13.12256,7.26318,46,10,-95
2024-05-17 12:10:29.1,-0.79054,-0.92284,9.62273,2.51879,-5.27701,-7.73834,3.41797,-22.33887,3.60107,47,21,46,-5482,15182,606,2742,3.34242,-5.25307,-8.34648,1.89209,0.54932,3.41797,44,10,-94
2024-05-17 12:10:29.2,-1.48919,0.97609,10.49408,2.02078,-7.27863,-7.49891,4.08936,-21.66748,3.60107,-105,-146,-154,-5355,15236,615,2690,3.33764,-7.17807,-7.61862,-0.06104,9.58252,-14.52637,45,9,-93
2024-05-17 12:10:29.3,1.24137,0.60892,7.80068,3.75424,-5.01843,-4.84604,4.45557,-22.33887,3.47900,435,-218,-52,-5639,15134,917,2599,4.41028,-5.25785,-4.81252,-23.86475,13.06152,-1.15967,45,8,-95
2024-05-17 12:10:29.4,0.21575,-0.78593,8.78119,3.06469,-4.89392,-6.66570,4.45557,-21.66748,4.94385,-64,79,54,-5746,15104,905,2545,3.72551,-4.81252,-7.28342,7.14111,-3.35693,3.11279,47,9,-95
2024-05-17 12:10:29.5,0.08718,-0.46495,11.26305,3.89790,-6.58908,-8.27466,4.08936,-21.66748,4.63867,-35,212,-171,-5645,15121,910,2664,5.34405,-7.30258,-8.63859,3.78418,-12.75635,-8.42285,48,9,-95
2024-05-17 12:10:29.6,-0.30068,-1.12535,10.20173,3.30412,-5.58348,-7.95861,4.88281,-22.03369,3.47900,-56,233,427,-5685,15088,672,2830,3.97931,-5.50207,-8.27466,8.30078,-12.26807,27.34375,44,9,-96
2024-05-17 12:10:29.7,-0.95657,-0.35884,10.10464,2.49006,-6.14853,-7.69045,3.11279,-21.24023,2.68555,-343,-37,171,-5565,15144,314,2831,3.76382,-6.36880,-8.08790,22.09473,5.85938,7.93457,45,10,-94
2024-05-17 12:10:29.8,-0.44337,-0.55439,8.50336,2.20274,-4.70238,-6.77104,2.31934,-22.33887,3.47900,-730,-158,547,-5265,15289,28,2641,3.00722,-5.18603,-7.55158,48.46191,15.25879,30.82275,45,11,-92
2024-05-17 12:10:29.9,-0.89548,0.44426,8.44128,1.29292,-5.24828,-6.56035,0.85449,-21.72852,0.85449,-156,-65,288,-4933,15435,-370,2392,2.22669,-4.45337,-6.69922,11.23047,5.18799,14.52637,46,13,-92
2024-05-17 12:10:30.0,0.08081,0.60637,8.67498,2.21232,-5.28659,-6.54119,0.48828,-21.36230,1.64795,-524,156,205,-4683,15506,-573,2394,3.70636,-6.24430,-7.25948,30.82275,-5.49316,9.39941,46,13,-90
2024-05-17 12:10:30.1,0.68708,0.73366,9.38657,2.94976,-5.69840,-6.92428,0.48828,-22.15576,0.06104,93,65,122,-4568,15529,-712,2435,3.85480,-5.72713,-7.91072,-1.95312,-3.23486,9.64355,45,14,-91
2024-05-17 12:10:30.2,-0.60293,-0.23880,10.00569,2.07824,-5.26743,-8.27466,-0.48828,-21.72852,-0.97656,-130,496,539,-4574,15481,-1103,2574,3.20356,-5.58348,-9.01210,10.25391,-28.93066,29.96826,46,15,-92
2024-05-17 12:10:30.3,-0.79123,-0.06424,10.79751,2.17401,-6.07191,-8.69605,-0.85449,-22.15576,-0.54932,448,125,168,-4735,15368,-1445,2783,3.23229,-5.64573,-9.55321,-21.54541,-9.21631,14.16016,44,15,-90
2024-05-17 12:10:30.4,0.11690,-0.92480,9.01028,2.77737,-4.79815,-7.16371,-3.17383,-20.26367,0.85449,472,0,-38,-5135,15230,-1419,2845,3.67762,-4.83167,-7.62820,-25.81787,0.06104,-0.12207,45,15,-92
2024-05-17 12:10:30.5,0.23056,0.46789,9.67362,2.62414,-6.53162,-6.65612,-1.70898,-20.99609,2.44141,207,-106,63,-5394,15157,-1340,2796,3.51481,-6.95780,-6.71837,-9.94873,6.04248,6.71387,43,16,-93
2024-05-17 12:10:30.6,-0.45191,-1.12937,8.64997,2.06866,-4.71196,-7.05836,-2.01416,-22.21680,2.68555,-181,65,332,-5466,15119,-1517,2772,2.83484,-4.84125,-7.81495,12.39014,-2.19727,19.89746,45,16,-94
2024-05-17 12:10:30.7,-0.97511,1.18929,10.38316,1.18757,-7.34567,-7.40314,-2.44141,-22.21680,2.44141,70,-115,-343,-5251,15224,-1544,2592,1.92022,-9.05519,-6.87160,-2.38037,9.03320,-21.66748,43,18,-95
2024-05-17 12:10:30.8,0.00863,-0.03246,8.22896,1.99205,-5.16208,-6.09107,-1.95312,-21.48438,1.64795,-104,-16,3,-5306,15202,-1492,2640,2.77258,-6.05276,-6.46458,7.99561,2.44141,0.12207,44,15,-94
2024-05-17 12:10:30.9,-0.90224,-0.17751,9.76983,1.40784,-5.88037,-7.72876,-2.80762,-21.36230,1.52588,-69,-108,-38,-5233,15244,-1536,2513,2.26021,-6.25388,-7.96819,5.85938,7.69043,-1.95312,43,17,-92
2024-05-17 12:10:31.0,0.29441,-0.35619,11.06092,2.81568,-6.62739,-8.40874,-3.17383,-22.46094,2.01416,208,-128,-274,-5231,15256,-1510,2462,4.08944,-5.84685,-8.08790,-12.93945,7.69043,-16.90674,44,18,-94
2024-05-17 12:10:31.1,0.45750,-0.98266,10.37394,3.12215,-5.83248,-8.06396,-1.64795,-21.05713,1.64795,23,70,263,-5340,15205,-1443,2577,3.87396,-5.51165,-8.35606,1.09863,-2.19727,16.35742,45,16,-91
2024-05-17 12:10:31.2,-1.07700,-1.02169,8.69606,1.34080,-4.60661,-7.40314,-2.68555,-22.21680,2.68555,-406,-14,-230,-5299,15222,-1383,2594,2.16444,-5.20039,-8.97379,26.67236,4.82178,-13.54980,44,14,-93
2024-05-17 12:10:31.3,-0.80525,0.57253,11.39936,1.72389,-7.40314,-8.55239,-1.64795,-22.21680,1.22070,406,-388,-347,-5195,15319,-1076,2372,2.61456,-6.01924,-8.10706,-25.51270,22.21680,-20.69092,47,15,-93
2024-05-17 12:10:31.4,-0.04276,0.34638,8.64095,1.98247,-5.70798,-6.18684,-0.48828,-22.21680,3.11279,333,-400,-769,-5455,15270,-508,2293,3.24186,-5.52601,-6.23951,-23.19336,22.76611,-46.08154,45,14,-95
2024-05-17 12:10:31.5,1.15899,-0.20683,7.66064,3.14130,-4.48211,-5.48771,1.95312,-22.52197,3.11279,-146,-210,-460,-5493,15270,145,2255,3.79734,-5.11899,-6.48373,11.53564,15.07568,-26.85547,45,12,-95
2024-05-17 12:10:31.6,-0.65275,0.10817,9.77287,2.04951,-5.99529,-7.47018,2.19727,-22.52197,2.68555,-150,45,-284,-5272,15342,419,2256,3.35200,-6.18205,-8.07354,9.52148,-1.40381,-15.07568,44,11,-94
2024-05-17 12:10:31.7,-1.12369,0.43170,11.30541,2.06866,-7.15413,-8.59070,2.99072,-21.85059,1.22070,106,-254,-158,-5217,15358,588,2240,2.65287,-7.58510,-9.05519,-18.31055,21.78955,-3.54004,47,11,-92
2024-05-17 12:10:31.8,-0.79603,-0.07512,9.61704,1.65685,-6.08149,-7.30736,2.99072,-21.85059,3.11279,616,-534,-206,-5593,15258,838,1914,2.29852,-5.56911,-7.81016,-39.55078,33.75244,-13.36670,46,9,-95
2024-05-17 12:10:31.9,-2.10586,-0.70091,8.23739,-0.34478,-5.37278,-6.61781,3.60107,-22.94922,4.63867,412,-882,-318,-5971,15137,1321,1379,0.62730,-4.49168,-7.11103,-24.90234,54.26025,-25.63477,45,9,-98
2024-05-17 12:10:32.0,1.45114,0.31804,8.98606,3.22750,-5.82291,-6.21557,3.96729,-21.85059,5.73730,66,-594,-641,-6076,15050,2034,937,4.03198,-5.72713,-6.09107,-6.46973,38.20801,-38.45215,45,6,-98
2024-05-17 12:10:32.1,2.92504,0.70189,9.12571,4.74069,-5.81333,-6.00487,4.27246,-22.52197,6.83594,45,158,141,-6185,14985,2216,844,5.96177,-6.20599,-5.32489,-2.25830,-4.76074,7.44629,46,8,-97
2024-05-17 12:10:32.2,-1.53313,-1.06347,9.91841,0.22985,-6.17726,-7.97776,4.63867,-22.15576,7.01904,-245,436,616,-5999,15123,1644,1020,1.16362,-5.75108,-7.58510,22.70508,-21.66748,38.33008,45,8,-97
2024-05-17 12:10:32.3,-0.57342,-1.08446,9.77287,1.49404,-6.04318,-7.63299,3.78418,-22.21680,5.43213,254,661,315,-6222,15040,1195,1446,2.39908,-6.60823,-8.64338,-12.51221,-39.97803,19.95850,45,9,-98
2024-05-17 12:10:32.4,-1.94434,-1.52205,8.62280,-0.05746,-5.26743,-7.25948,2.80762,-22.21680,5.43213,-139,16,186,-6313,15012,829,1588,0.82842,-4.77900,-8.58113,10.07080,-0.67139,12.26807,46,10,-99
2024-05-17 12:10:32.5,-0.07247,-0.05266,7.76773,1.67600,-5.29616,-5.43024,2.80762,-22.52197,6.22559,-28,-32,-792,-6226,15035,1092,1558,3.11257,-4.80773,-5.46376,0.48828,3.11279,-46.44775,46,10,-100
2024-05-17 12:10:32.6,1.06033,-0.07620,12.35231,4.08944,-7.37440,-9.08871,4.15039,-22.21680,5.06592,-1232,8,-130,-5600,15248,1255,1727,5.20518,-8.08790,-9.40476,74.89014,1.09863,-10.49805,47,9,-96
2024-05-17 12:10:32.7,-2.24100,1.00777,9.77052,0.44055,-6.98174,-7.24990,4.15039,-22.21680,2.44141,103,342,108,-5274,15355,1091,1907,1.37432,-6.24909,-8.11663,-6.77490,-18.24951,1.28174,45,9,-94
2024-05-17 12:10:32.8,-0.87008,-1.10927,6.08789,0.76617,-2.97849,-5.43982,4.15039,-22.52197,2.80762,-55,-211,-54,-5412,15292,1169,1981,1.77177,-2.49485,-6.40711,12.20703,16.96777,-5.06592,44,8,-95
2024-05-17 12:10:32.9,1.15203,2.27670,11.67053,4.39591,-7.99692,-7.70960,4.88281,-22.21680,2.44141,-340,-362,-220,-4968,15439,1436,1823,5.50686,-8.73436,-7.64256,9.09424,21.42334,-8.23975,45,6,-93
2024-05-17 12:10:33.0,0.21242,-0.72680,9.61939,2.33682,-4.96096,-7.93946,3.78418,-22.21680,2.13623,327,-159,541,-5183,15409,1320,1546,2.90666,-4.81731,-8.31296,-7.81250,9.03320,37.10938,45,9,-92
2024-05-17 12:10:33.1,-1.47105,0.16839,8.58446,0.17239,-5.43024,-6.80935,3.11279,-22.21680,2.80762,-73,-139,202,-5203,15452,934,1310,0.60815,-4.53478,-6.53162,5.18799,9.15527,9.70459,45,9,-92
2024-05-17 12:10:33.2,-0.99737,-0.95834,8.43735,0.68955,-4.27141,-7.37440,2.80762,-22.21680,1.64795,-297,143,-391,-5097,15471,1029,1435,1.78135,-3.80692,-8.18846,19.65332,-5.79834,-26.61133,45,9,-93
2024-05-17 12:10:33.3,1.33797,2.27719,11.34582,4.24268,-7.62341,-7.71918,3.41797,-21.48438,1.22070,-85,-64,-295,-4786,15517,1485,1593,5.43503,-8.03044,-8.15494,1.89209,5.79834,-12.51221,46,6,-91
2024-05-17 12:10:33.4,-0.20153,-0.96413,9.71599,1.94416,-4.58745,-8.39916,3.78418,-21.05713,0.54932,7,212,382,-4880,15504,1337,1569,2.65287,-4.33366,-8.70563,2.56348,-12.87842,22.88818,44,5,-92
2024-05-17 12:10:33.5,-0.60676,0.25253,9.41864,1.55150,-5.65052,-7.40314,3.17383,-21.85059,1.95312,340,158,334,-5025,15475,1053,1616,2.76780,-4.97533,-7.59468,-17.51709,-10.55908,17.76123,45,8,-93
2024-05-17 12:10:33.6,0.02010,-0.70924,8.96880,2.07824,-4.73111,-7.36483,4.63867,-22.21680,2.68555,75,194,257,-5241,15402,864,1728,2.52837,-4.71196,-8.16452,1.52588,-9.15527,16.11328,45,8,-95
2024-05-17 12:10:33.7,-2.10115,-0.24949,9.02950,-0.00958,-5.43024,-7.51806,3.60107,-22.21680,3.47900,-2,-87,-138,-5206,15423,688,1734,0.90025,-4.59703,-8.46620,5.00488,4.76074,-2.38037,47,9,-94
2024-05-17 12:10:33.8,-0.76710,-0.03923,7.74086,1.11095,-4.72153,-6.08149,3.60107,-23.19336,3.11279,222,-201,-615,-5320,15356,1247,1664,2.01599,-5.02321,-6.14374,-12.93945,11.41357,-35.64453,45,8,-94
2024-05-17 12:10:33.9,1.21793,0.24576,10.01275,3.66805,-5.67925,-7.48933,3.60107,-22.21680,3.11279,-173,-272,-265,-5212,15367,1581,1616,4.71196,-5.94262,-7.26906,10.74219,16.72363,-15.68604,45,8,-93
2024-05-17 12:10:34.0,0.26538,-0.06326,10.33109,2.78695,-5.66967,-8.17888,5.73730,-22.52197,2.01416,-226,67,184,-5046,15418,1642,1603,3.80692,-5.40151,-8.34648,14.46533,-2.25830,10.68115,45,8,-93
2024-05-17 12:10:34.1,0.09542,-1.03219,10.58930,2.76780,-5.26743,-8.82055,4.27246,-21.48438,2.31934,215,642,442,-5188,15375,1342,1824,3.69199,-4.86040,-9.24195,-6.34766,-38.26904,28.19824,44,7,-95
2024-05-17 12:10:34.2,-1.02836,-1.48252,8.11578,1.29292,-3.84044,-7.25948,4.63867,-22.21680,2.31934,-18,454,371,-5318,15318,865,2180,2.03993,-3.57706,-8.21240,7.50732,-23.74268,23.19336,46,9,-94
2024-05-17 12:10:34.3,-1.87059,0.30696,10.34236,1.08222,-6.35923,-8.30339,3.17383,-21.48438,2.31934,-596,-167,-79,-4985,15435,594,2232,2.22190,-6.20120,-8.78703,36.98730,14.22119,-11.77979,44,10,-92
2024-05-17 12:10:34.4,0.92333,0.39434,10.42543,3.85001,-6.01445,-7.66172,3.17383,-21.85059,0.54932,497,187,185,-4987,15428,732,2237,4.63055,-6.04797,-7.81974,-26.42822,-10.80322,13.06152,45,7,-94
2024-05-17 12:10:34.5,-1.12731,-0.09572,8.58466,1.13010,-5.00885,-6.97216,3.78418,-22.94922,1.64795,-259,-349,285,-5064,15433,413,2109,1.86754,-4.80294,-7.66651,17.51709,23.62061,16.66260,44,10,-93
2024-05-17 12:10:34.6,-1.35484,-0.36374,8.42568,0.50759,-4.54915,-7.21159,0.97656,-21.85059,2.01416,-219,-282,59,-4869,15540,246,1785,1.41742,-4.06071,-7.92030,14.77051,18.98193,2.50244,44,10,-92
2024-05-17 12:10:34.7,0.30117,1.19822,10.59234,2.32725,-6.53162,-8.10227,2.01416,-21.48438,0.85449,-471,-305,-136,-4521,15668,363,1548,3.61537,-7.02484,-7.91551,26.73340,20.32471,-9.52148,44,10,-90
2024-05-17 12:10:34.8,0.10180,-0.35550,9.51514,1.88670,-4.68323,-8.07354,1.64795,-22.21680,0.06104,13,193,342,-4524,15671,306,1515,2.64808,-4.63534,-8.73915,3.90625,-10.31494,21.42334,46,10,-90
2024-05-17 12:10:34.9,-1.47791,0.22752,10.14201,0.43097,-5.73671,-8.48535,1.34277,-21.97266,0.00000,294,150,218,-4625,15635,-15,1607,1.48446,-5.07110,-8.81098,-15.50293,-7.62939,12.14600,43,11,-90
2024-05-17 12:10:35.0,0.95912,-1.24598,8.80227,2.80610,-3.90748,-7.53722,1.64795,-21.97266,0.06104,237,123,-237,-4920,15530,95,1740,4.12296,-3.98409,-7.67608,-10.13184,-6.89697,-12.51221,45,11,-90
2024-05-17 12:10:35.1,0.76514,0.36433,10.11867,3.04553,-5.97614,-7.62341,2.01416,-21.97266,2.19727,22,270,50,-4946,15500,202,1920,3.32806,-6.31134,-8.16452,1.22070,-15.80811,7.08008,45,12,-90
2024-05-17 12:10:35.2,-1.74947,-1.11594,8.36243,0.31605,-3.98409,-7.63299,1.64795,-22.64404,1.52588,-155,-20,192,-4940,15493,-2,2001,0.72307,-3.55312,-8.93548,21.60645,11.23047,9.58252,46,11,-91
2024-05-17 12:10:35.3,-1.99484,0.61264,11.29355,0.27774,-6.95301,-9.13660,1.64795,-21.97266,0.73242,284,-1007,-1002,-4803,15578,375,1594,1.39348,-7.32173,-6.70400,-29.54102,43.27393,-53.28369,44,9,-91
2024-05-17 12:10:35.4,0.74043,-0.16123,7.31955,2.27936,-3.93621,-5.78460,2.80762,-22.33887,2.62451,205,45,-460,-5047,15483,893,1561,3.71593,-4.15648,-6.81414,-6.77490,3.47900,-24.10889,46,8,-91
2024-05-17 12:10:35.5,1.83430,0.89214,10.43916,4.16606,-6.31134,-7.47975,4.15039,-21.97266,1.52588,38,91,69,-5064,15461,1159,1546,4.95617,-7.13498,-7.38877,0.67139,-4.88281,6.34766,44,7,-94
2024-05-17 12:10:35.6,-0.69071,-0.59666,10.35668,1.62812,-5.43024,-8.71521,4.15039,-22.64404,0.36621,-229,171,411,-4938,15512,734,1700,2.77737,-4.56830,-9.85010,22.15576,-12.87842,29.41895,46,10,-93
2024-05-17 12:10:35.7,-0.72699,-2.09007,9.04323,1.40784,-3.69678,-8.42789,3.41797,-22.33887,1.15967,-24,289,420,-5132,15443,435,1847,2.33204,-3.31848,-9.52926,2.07520,-18.18848,27.22168,45,10,-92
2024-05-17 12:10:35.8,-0.68835,-1.34022,9.12561,1.61854,-4.17564,-8.09269,1.34277,-22.64404,1.22070,-258,325,-181,-4970,15477,222,2037,2.45654,-4.28577,-8.65774,15.74707,-18.12744,-9.88770,44,12,-94
2024-05-17 12:10:35.9,-0.51703,2.43272,9.39746,1.75262,-7.10624,-6.39754,2.44141,-21.97266,1.64795,-337,-57,193,-4620,15572,160,2141,2.59062,-7.32173,-6.93864,24.59717,5.24902,10.37598,45,10,-90
2024-05-17 12:10:36.0,-1.11241,-0.17427,7.60062,0.76617,-4.05113,-6.48373,2.01416,-21.97266,0.00000,264,-40,-68,-4669,15569,75,2056,1.46530,-4.24747,-6.73274,-13.79395,3.17383,-2.99072,43,12,-89
2024-05-17 12:10:36.1,0.34923,-0.10601,9.50828,2.67202,-4.99927,-7.64256,1.64795,-22.64404,1.15967,-240,-35,-3,-4658,15570,132,2071,3.89311,-5.44940,-8.55239,16.29639,3.84521,-0.67139,45,11,-91
2024-05-17 12:10:36.2,-0.08718,-0.69698,10.99571,2.76780,-5.42067,-9.18449,2.01416,-21.17920,0.48828,239,166,9,-4736,15535,200,2151,3.62495,-5.77023,-9.99854,-11.65771,-9.52148,1.83105,45,10,-92
2024-05-17 12:10:36.3,-1.26726,-1.53695,8.70714,0.96729,-3.85959,-7.99692,2.01416,-21.54541,0.73242,72,-211,144,-4995,15468,124,2052,1.99684,-2.78695,-8.84450,-1.83105,14.03809,8.85010,44,10,-92
2024-05-17 12:10:36.4,-0.84497,-1.54911,11.05935,1.68558,-4.67365,-10.03685,1.64795,-21.97266,1.46484,-704,-402,-250,-4616,15611,281,1831,3.27538,-4.49168,-11.32498,41.56494,30.33447,-24.84131,45,10,-92
2024-05-17 12:10:36.5,-0.82467,3.26652,11.62796,1.43657,-8.89717,-8.08311,2.01416,-21.97266,-0.67139,614,-353,339,-4492,15676,451,1520,2.49964,-7.08709,-7.50848,-45.95947,14.64844,10.92529,44,11,-89
2024-05-17 12:10:36.6,0.26636,-1.29364,7.17666,1.92501,-3.28496,-6.22515,0.97656,-22.33887,0.73242,1193,410,-778,-5389,15345,896,1766,2.50442,-3.00244,-5.89473,-63.96484,-29.90723,-41.25977,46,9,-97
2024-05-17 12:10:36.7,0.76181,-1.52538,5.00294,2.14528,-1.84839,-4.46295,3.11279,-22.64404,3.41797,-35,216,-524,-5767,15132,1217,2170,3.03596,-1.80529,-5.89473,19.59229,-1.77002,-35.21729,46,6,-96
2024-05-17 12:10:36.8,1.29521,3.83424,11.53411,5.43982,-9.08871,-6.10064,5.24902,-22.33887,2.68555,-51,-7,-499,-5218,15259,1758,2298,6.67048,-7.52764,-6.46936,-2.25830,-13.97705,-7.14111,44,5,-95
2024-05-17 12:10:36.9,-1.76026,-0.63667,10.31667,1.78135,-5.53559,-8.72478,6.71387,-22.33887,2.50244,-679,212,619,-4975,15343,1468,2476,2.13570,-6.17726,-9.61067,39.91699,-7.08008,34.72900,43,7,-92
2024-05-17 12:10:37.0,-1.88069,-0.84213,10.25910,1.52277,-5.37278,-8.84929,5.92041,-21.54541,1.46484,383,99,27,-4977,15370,1175,2459,3.13652,-4.95139,-9.65377,-22.94922,-4.21143,1.58691,46,7,-93
2024-05-17 12:10:37.1,0.31510,-0.61696,9.31792,3.25623,-4.79815,-7.32652,4.76074,-22.33887,1.83105,256,-290,-129,-5256,15279,1329,2366,4.17085,-5.47334,-7.57552,-12.14600,18.55469,-6.28662,45,6,-93
2024-05-17 12:10:37.2,-0.43867,-0.19349,9.02479,2.38471,-5.25785,-6.95301,5.12695,-21.97266,2.50244,141,77,120,-5366,15255,1324,2276,3.41425,-5.02800,-7.36004,-5.00488,-3.60107,10.07080,46,8,-96
2024-05-17 12:10:37.3,-0.96609,-0.10121,8.59299,1.79093,-5.20997,-6.66570,5.55420,-21.54541,2.13623,39,-246,-484,-5384,15236,1493,2253,2.86836,-4.21873,-7.01047,-2.38037,14.28223,-21.78955,46,6,-95
2024-05-17 12:10:37.4,0.39993,0.69267,9.33724,3.52439,-5.76544,-6.49331,6.22559,-21.97266,2.92969,-142,273,175,-5254,15259,1470,2412,4.51084,-5.72235,-7.48454,12.81738,-16.84570,10.00977,44,7,-95
2024-05-17 12:10:37.5,-0.26763,-0.44151,10.90048,3.48608,-5.93783,-8.46620,4.76074,-21.54541,2.50244,140,458,27,-5234,15254,1260,2599,4.64013,-6.12938,-8.51408,-4.02832,-24.41406,3.29590,44,5,-95
2024-05-17 12:10:37.6,0.96295,-1.87490,9.22662,4.44380,-3.74467,-7.47018,5.92041,-22.33887,2.92969,-8,816,372,-5407,15132,970,3046,5.35841,-3.96494,-7.68566,3.17383,-46.81396,21.66748,46,7,-95
2024-05-17 12:10:37.7,-2.16264,0.59813,10.06483,2.11655,-6.64654,-7.59468,3.66211,-22.64404,2.92969,-639,744,398,-5181,15129,273,3554,3.18919,-6.99132,-8.78225,40.34424,-39.67285,20.44678,44,9,-93
2024-05-17 12:10:37.8,-0.48574,-2.25061,10.02403,4.11817,-3.81171,-8.61943,4.08936,-21.54541,1.46484,-652,74,356,-4930,15169,-13,3747,5.00406,-4.93702,-9.61546,48.27881,1.22070,24.29199,46,9,-90
2024-05-17 12:10:37.9,-2.87777,0.58244,10.21831,0.86194,-6.11022,-8.65774,2.68555,-22.64404,0.54932,-491,-440,1075,-4577,15364,-728,3302,1.80529,-5.77502,-8.80619,31.00586,29.23584,63.65967,45,13,-90
2024-05-17 12:10:38.0,-0.67776,-0.30362,7.37732,1.61854,-3.96494,-6.05276,-0.85449,-21.97266,-0.06104,552,-193,165,-4805,15353,-1067,2916,2.56668,-3.23708,-5.95699,-26.42822,10.07080,11.35254,44,13,-91
2024-05-17 12:10:38.1,1.74261,0.04217,7.35103,3.69678,-4.35760,-4.94181,-0.24414,-23.13232,0.18311,-334,14,97,-4881,15337,-1137,2845,4.34324,-4.95617,-4.94181,27.89307,-0.79346,6.83594,45,11,-91
2024-05-17 12:10:38.2,-1.47360,0.54439,9.86672,1.32165,-5.70798,-8.09269,-2.44141,-22.33887,-0.54932,-437,330,201,-4447,15423,-1501,2923,2.23626,-4.97054,-9.14139,29.60205,-17.08984,11.10840,44,13,-87
2024-05-17 12:10:38.3,0.39169,0.09091,11.21813,3.87875,-6.01445,-8.64817,-2.13623,-21.24023,-2.01416,144,537,-45,-4236,15407,-1665,3216,5.17645,-6.06712,-9.08393,-6.34766,-31.43311,-0.67139,46,13,-88
2024-05-17 12:10:38.4,0.34295,-1.11996,10.06169,4.17564,-4.53957,-8.03523,-1.70898,-21.66748,-1.64795,31,394,217,-4320,15282,-1839,3584,5.07589,-4.23310,-8.60986,2.01416,-21.60645,13.61084,43,13,-87
2024-05-17 12:10:38.5,-1.13026,0.20732,10.61676,2.76780,-5.98572,-8.39916,-1.70898,-21.66748,-1.64795,358,77,88,-4451,15195,-1932,3744,3.29454,-5.69361,-8.47099,-20.26367,-4.21143,6.95801,44,12,-89
2024-05-17 12:10:38.6,-1.03062,-1.35131,8.00918,2.49964,-3.62016,-6.90512,-0.67139,-22.03369,-0.97656,390,12,-173,-4851,15071,-1753,3834,3.28975,-2.85878,-7.36004,-17.76123,0.97656,-8.60596,43,15,-91
2024-05-17 12:10:38.7,1.48370,0.62765,9.99196,4.80773,-6.38796,-6.20599,-0.24414,-22.70508,-1.70898,-82,25,-261,-4797,15134,-1506,3758,5.71756,-7.45581,-4.97054,3.84521,-19.04297,3.11279,45,14,-91
2024-05-17 12:10:38.8,-0.87469,-0.78083,8.02811,2.50921,-3.86917,-6.67527,0.36621,-22.03369,-2.44141,-437,38,98,-4603,15152,-1699,3844,3.37116,-3.87875,-7.09188,32.77588,-3.66211,1.52588,46,14,-88
2024-05-17 12:10:38.9,-0.77485,0.76808,9.78837,2.83484,-5.83248,-7.41271,-1.83105,-22.46094,-2.44141,-113,-50,-88,-4268,15228,-1799,3886,3.99367,-5.97614,-7.94903,11.10840,0.06104,0.61035,44,13,-88
2024-05-17 12:10:39.0,-1.69161,0.09022,10.07042,2.42302,-5.24828,-8.41831,-0.06104,-21.66748,-2.80762,-121,42,19,-4173,15228,-1905,3939,3.37116,-5.10941,-9.06477,9.33838,-0.97656,1.34277,44,12,-90
2024-05-17 12:10:39.1,0.14730,-0.71081,8.88946,3.84044,-4.18521,-6.87639,-1.03760,-21.66748,-1.34277,285,-122,-309,-4274,15211,-1778,3955,4.84604,-4.05113,-7.08709,-16.05225,7.44629,-17.63916,45,11,-88
2024-05-17 12:10:39.2,0.81575,-0.80976,11.98719,5.73671,-5.81333,-8.84929,0.00000,-22.03369,-0.97656,194,28,-49,-4345,15212,-1559,3967,6.91470,-6.20120,-8.59070,-10.62012,-1.58691,-1.15967,46,12,-87
2024-05-17 12:10:39.3,-1.55706,-1.37308,11.56314,3.85959,-5.31532,-9.73996,-0.97656,-22.03369,-1.34277,-56,541,722,-4529,15067,-1864,4176,5.13814,-5.37278,-10.30501,9.82666,-30.27344,45.95947,46,12,-87
2024-05-17 12:10:39.4,-3.03487,2.42449,8.07391,-0.55547,-6.49331,-6.14853,-1.46484,-21.66748,-1.70898,708,-270,526,-4879,14880,-2464,4139,0.42618,-5.48292,-7.01047,-38.51318,15.25879,39.00146,46,15,-91
2024-05-17 12:10:39.5,-1.11829,-0.84968,6.30875,1.32165,-3.37116,-5.35363,-4.63867,-22.03369,0.06104,-92,-495,532,-5316,14817,-2669,3677,2.12613,-2.97849,-5.46376,5.98145,33.26416,33.02002,44,19,-93
2024-05-17 12:10:39.6,1.06779,-0.42690,7.19618,2.93061,-4.60661,-4.82688,-4.15039,-22.46094,-0.24414,-664,64,531,-5185,14849,-3102,3379,3.81171,-4.26662,-5.25307,41.50391,-0.73242,32.28760,44,18,-93
2024-05-17 12:10:39.7,-0.15083,-0.23811,9.36108,2.21232,-5.30574,-7.39356,-6.04248,-22.03369,-2.44141,-1073,422,601,-4486,14955,-3758,3246,2.93061,-5.76065,-8.09269,69.39697,-20.38574,34.11865,43,21,-89
2024-05-17 12:10:39.8,-1.32993,1.08995,11.93296,1.00560,-6.61781,-10.02727,-6.04248,-20.20264,-2.13623,-501,164,458,-3837,14985,-4397,3137,1.79572,-6.17247,-10.58275,34.85107,-6.71387,27.09961,42,20,-84
2024-05-17 12:10:39.9,-0.50761,0.02707,10.88548,1.98247,-5.53559,-9.17491,-7.08008,-19.77539,-5.06592,122,126,48,-3756,14925,-4657,3144,3.55791,-5.52123,-9.20364,-7.50732,-8.78906,2.99072,41,22,-86
2024-05-17 12:10:40.0,0.56920,-1.31188,9.23555,3.33285,-4.35760,-7.56595,-8.17871,-19.77539,-5.43213,163,74,72,-3940,14858,-4623,3282,4.22831,-4.47732,-8.00171,-3.23486,-4.08936,4.21143,42,22,-87
2024-05-17 12:10:40.1,0.52732,0.00657,9.71540,2.65287,-5.67925,-7.44144,-8.54492,-19.22607,-4.63867,306,79,-61,-4030,14801,-4660,3378,3.64410,-5.79896,-7.90594,-19.10400,-3.84521,-3.66211,43,24,-86
2024-05-17 12:10:40.2,-0.38463,-0.30470,8.63094,2.00162,-4.73111,-6.95301,-8.17871,-19.89746,-4.63867,315,155,57,-4269,14698,-4631,3566,2.24584,-3.16525,-7.05836,-11.59668,-6.65283,4.33350,40,22,-87
2024-05-17 12:10:40.3,-1.14350,0.97442,10.26469,1.03433,-6.15811,-8.28423,-9.27734,-19.89746,-5.43213,-484,-269,-327,-4150,14753,-4613,3506,2.08303,-11.88045,-5.69840,20.14160,10.74219,-2.92969,42,22,-87
2024-05-17 12:10:40.4,-1.58099,0.21271,10.56086,0.96729,-5.43024,-9.14618,-7.20215,-20.56885,-4.63867,-157,-348,61,-4065,14799,-4716,3264,1.85797,-5.97614,-9.42870,9.58252,18.73779,2.68555,41,22,-87
2024-05-17 12:10:40.5,0.41052,-0.87684,10.68277,2.99765,-5.59305,-8.64817,-8.66699,-19.22607,-3.96729,176,-95,101,-4104,14788,-4795,3149,4.08944,-5.51644,-8.63380,-17.63916,9.88770,5.49316,42,25,-87
2024-05-17 12:10:40.6,0.47878,-1.74172,9.39579,3.39031,-4.68323,-7.62341,-9.03320,-19.22607,-4.39453,330,507,109,-4460,14665,-4734,3327,3.66805,-5.06152,-8.15015,-5.73730,-32.83691,15.68604,40,22,-89
2024-05-17 12:10:40.7,-2.58375,1.06318,7.01936,-1.01518,-3.88832,-6.39754,-10.13184,-19.77539,-4.39453,-143,-30,76,-4409,14526,-5034,3556,-0.56984,-3.33764,-8.15973,14.09912,7.08008,0.42725,41,22,-89
2024-05-17 12:10:40.8,-1.39789,1.10152,10.05835,0.45970,-6.02403,-8.23635,-9.33838,-19.77539,-4.63867,-117,-416,-571,-4206,14723,-4768,3352,1.15883,-6.60344,-8.41352,10.00977,26.85547,-36.19385,43,21,-88
2024-05-17 12:10:40.9,2.39918,-0.81918,9.33116,4.13733,-5.87079,-6.47415,-8.66699,-19.53125,-5.43213,162,-308,378,-4315,14770,-4683,3121,5.57390,-6.51246,-6.93864,-13.36670,20.50781,20.08057,43,23,-88
2024-05-17 12:10:41.0,-1.63492,1.08720,10.85890,-0.40224,-6.27303,-9.06956,-9.76562,-20.20264,-4.39453,108,-38,351,-4344,14721,-5021,2765,0.59857,-6.74231,-9.32335,-0.73242,8.97217,20.99609,42,25,-89
2024-05-17 12:10:41.1,-0.91068,-1.33836,8.50326,1.47488,-3.97452,-7.54679,-9.76562,-19.77539,-4.63867,435,-8,-309,-4665,14615,-4918,2980,2.35119,-3.98888,-8.66253,-26.18408,-2.86865,-17.39502,41,25,-88
2024-05-17 12:10:41.2,0.03364,0.12729,11.77732,1.51319,-7.38398,-9.05041,-9.33838,-19.77539,-4.27246,51,-835,-346,-4805,14755,-4522,2679,2.66724,-8.08790,-9.51011,-2.38037,50.17090,-22.21680,43,26,-89
2024-05-17 12:10:41.3,-0.64177,-0.91215,8.32183,0.83321,-4.52999,-7.02005,-9.33838,-20.56885,-2.44141,319,-373,-204,-5199,14800,-4084,2386,1.31686,-4.26662,-7.31694,-16.41846,21.85059,-10.68115,44,24,-96
2024-05-17 12:10:41.4,-2.21275,-0.16593,9.14915,-1.03433,-4.87477,-7.98734,-9.03320,-20.56885,-1.34277,-361,-373,-254,-5127,14919,-3898,2097,-0.00000,-4.01761,-8.10706,21.66748,21.66748,-20.81299,41,26,-93
2024-05-17 12:10:41.5,1.78291,0.18114,10.80006,3.24665,-7.02005,-7.74791,-7.87354,-20.56885,-0.24414,67,178,-1520,-4771,15187,-3056,2385,4.82688,-7.15892,-7.26906,-10.80322,-13.79395,-93.50586,44,20,-91
2024-05-17 12:10:41.6,2.96691,-0.52987,9.05078,5.07589,-5.40151,-6.00487,-5.43213,-21.24023,-0.67139,25,279,-424,-4718,15230,-2400,2910,5.69361,-6.28740,-5.92347,-3.23486,-15.99121,-21.11816,44,17,-91
2024-05-17 12:10:41.7,-1.64110,0.66246,8.12745,0.48843,-5.02800,-6.60823,-3.66211,-22.03369,-0.97656,-51,141,164,-4690,15186,-2443,3138,0.90504,-4.79336,-7.33610,8.17871,-5.92041,10.43701,43,17,-90
2024-05-17 12:10:41.8,-1.90148,1.48046,10.35913,0.61294,-6.66570,-8.26508,-2.92969,-22.46094,-1.70898,-430,-63,-343,-4420,15266,-2453,3134,1.68079,-7.32652,-8.60028,19.47021,6.04248,-22.58301,44,16,-91
2024-05-17 12:10:41.9,-0.25910,0.03893,10.37110,2.79653,-5.61221,-8.26508,-2.50244,-22.15576,-1.70898,-144,87,-234,-4280,15328,-2232,3190,3.77819,-5.96177,-9.22279,8.17871,-0.61035,-11.41357,46,16,-88
2024-05-17 12:10:42.0,-0.72513,-0.21173,9.28948,2.08782,-4.89392,-7.65214,-2.92969,-22.15576,-1.34277,228,-25,162,-4440,15306,-2148,3135,3.02159,-4.79815,-8.32733,-10.07080,2.07520,11.41357,45,15,-91
2024-05-17 12:10:42.1,-0.80329,-1.62021,8.54249,2.21232,-3.34242,-7.75749,-3.66211,-22.15576,-0.97656,-296,37,143,-4454,15289,-2323,3074,3.05990,-3.59622,-8.52845,22.21680,0.18311,8.60596,46,16,-88
2024-05-17 12:10:42.2,-1.11270,0.67325,10.24861,1.42700,-5.68883,-8.50451,-2.92969,-22.03369,-1.22070,-535,-16,197,-4071,15382,-2561,2952,2.17880,-6.15811,-9.40476,33.02002,5.06592,9.94873,42,15,-88
2024-05-17 12:10:42.3,-1.28413,1.09642,9.59968,0.79490,-5.48771,-8.01607,-4.27246,-22.03369,-4.39453,13,-198,-82,-3922,15444,-2596,2793,1.71431,-5.23391,-7.71439,-1.70898,11.59668,-4.88281,45,18,-88
2024-05-17 12:10:42.4,-0.48103,-0.81790,8.01006,1.78135,-3.31369,-7.13498,-2.92969,-21.05713,-3.17383,-55,-179,-97,-4002,15454,-2491,2719,2.96413,-3.16525,-8.33691,7.38525,12.69531,-7.01904,44,16,-86
2024-05-17 12:10:42.5,-0.18839,0.66560,9.74953,1.68558,-5.20039,-8.10227,-3.66211,-20.69092,-3.17383,-420,-391,-103,-3758,15581,-2384,2419,3.11257,-6.26824,-8.30818,22.94922,19.40918,-12.20703,44,16,-86
2024-05-17 12:10:42.6,0.44798,-0.22340,9.57202,2.48048,-4.54915,-8.06396,-3.66211,-21.72852,-4.39453,291,78,260,-3816,15571,-2395,2382,3.42383,-4.78857,-8.23156,-14.09912,-3.78418,17.02881,43,17,-87
2024-05-17 12:10:42.7,-0.25537,-0.27097,9.21299,1.83881,-4.43422,-7.87242,-3.96729,-20.69092,-2.50244,271,399,436,-4000,15442,-2726,2557,2.82047,-4.00804,-8.42310,-11.71875,-23.01025,27.77100,43,18,-88
2024-05-17 12:10:42.8,-0.37090,-1.09603,9.68245,2.23148,-4.09902,-8.56197,-3.96729,-21.36230,-3.66211,-137,121,229,-4071,15359,-2966,2679,3.23229,-3.81649,-9.47180,11.29150,-4.82178,13.67188,42,19,-88
2024-05-17 12:10:42.9,-0.81751,-0.02854,10.35384,1.42700,-5.18124,-8.88759,-4.27246,-21.05713,-2.99072,65,74,281,-4056,15344,-3111,2623,2.31288,-5.03758,-9.31378,-1.28174,-3.60107,17.76123,43,17,-87
2024-05-17 12:10:43.0,-1.84734,0.07944,9.55829,0.29689,-4.60661,-8.57155,-5.43213,-21.05713,-3.29590,-93,-13,-20,-4098,15302,-3239,2647,1.22109,-4.12775,-9.36166,6.77490,3.41797,-3.47900,44,20,-88
2024-05-17 12:10:43.1,-0.58332,0.68688,9.60988,1.06306,-5.46855,-7.88199,-5.73730,-21.72852,-2.99072,132,-289,-160,-4110,15346,-3102,2536,2.05909,-5.02800,-8.35606,-9.46045,18.73779,-11.47461,44,18,-89
2024-05-17 12:10:43.2,-0.59519,0.02432,7.93494,0.89067,-4.22352,-6.68485,-5.06592,-21.72852,-2.50244,89,-369,90,-4355,15360,-2808,2377,1.69994,-4.09902,-7.41271,-5.37109,22.39990,5.24902,44,20,-91
2024-05-17 12:10:43.3,-0.20575,0.67119,8.88151,0.87152,-5.31532,-7.09667,-5.73730,-21.05713,-2.50244,-89,-376,-62,-4369,15420,-2710,2055,1.62333,-5.58827,-7.28821,6.34766,24.29199,-4.02832,44,19,-89
2024-05-17 12:10:43.4,0.45426,0.14583,9.00057,1.64727,-5.22912,-7.15413,-4.63867,-21.36230,-2.19727,319,43,-34,-4509,15405,-2601,2003,2.68639,-5.35841,-7.75749,-16.84570,-2.25830,-0.79346,44,19,-92
2024-05-17 12:10:43.5,0.46926,-1.21420,8.63781,2.12613,-4.05113,-7.44144,-5.06592,-21.72852,-1.03760,-133,118,215,-4600,15361,-2665,2053,2.47569,-4.66886,-8.27466,10.98633,-5.12695,13.42773,44,19,-91
2024-05-17 12:10:43.6,-0.12984,-0.07149,11.73064,1.38869,-6.30176,-9.79742,-5.06592,-21.36230,-1.03760,-107,158,10,-4388,15396,-2906,1927,2.85399,-7.02484,-9.89798,8.85010,-8.72803,1.34277,44,20,-91
2024-05-17 12:10:43.7,-1.37004,-1.22568,10.63255,0.83321,-4.56830,-9.73996,-5.43213,-21.05713,-2.19727,259,127,-35,-4442,15347,-2933,2141,1.24982,-3.83086,-10.45346,-13.24463,-6.71387,-1.15967,44,20,-90
2024-05-17 12:10:43.8,-1.70779,-0.67158,9.98892,0.58421,-4.68323,-8.99294,-5.73730,-21.72852,-2.19727,62,101,-975,-4485,15384,-2453,2376,2.11176,-5.28180,-9.49574,-6.59180,-2.86865,-65.30762,46,17,-91
2024-05-17 12:10:43.9,-0.28146,-0.01118,8.76236,2.03036,-4.88435,-6.99132,-2.92969,-21.36230,-1.46484,547,109,-1180,-4636,15418,-1398,2695,3.13652,-4.47253,-7.24511,-32.65381,-11.10840,-66.71143,47,15,-91
2024-05-17 12:10:44.0,1.22911,0.82536,9.24418,3.89790,-5.78460,-6.24430,-1.03760,-21.72852,0.00000,191,-299,-965,-4727,15401,-617,2917,4.91308,-6.52204,-6.24430,-13.97705,17.39502,-56.88477,44,11,-93
2024-05-17 12:10:44.1,-1.61247,0.48084,8.51522,1.32165,-5.26743,-6.77104,3.11279,-22.70508,0.73242,386,-220,-624,-4816,15387,113,2911,1.36953,-5.32968,-7.17807,-23.43750,15.19775,-35.88867,46,8,-94
2024-05-17 12:10:44.2,-0.80957,-1.80321,7.47293,1.82924,-2.76780,-6.98174,4.15039,-22.52197,1.83105,-69,-398,-543,-4909,15370,688,2760,3.44298,-2.40386,-8.09269,12.02393,29.66309,-39.00146,45,7,-93
2024-05-17 12:10:44.3,1.06681,1.55372,11.10339,4.83646,-6.58908,-7.74791,5.24902,-22.64404,1.15967,-474,-348,-229,-4546,15481,1312,2529,5.82769,-8.27466,-7.75270,28.07617,23.55957,-16.78467,44,4,-91
2024-05-17 12:10:44.4,-2.02240,-0.49212,11.47409,1.52277,-5.49728,-10.17093,5.12695,-22.64404,0.36621,-158,-44,411,-4293,15605,1085,2305,2.43738,-6.03360,-10.27628,13.12256,4.82178,24.96338,44,5,-89
2024-05-17 12:10:44.5,-0.87596,-0.66207,9.45120,1.95374,-4.43422,-8.18846,3.66211,-21.72852,-0.36621,365,-104,162,-4542,15548,819,2319,2.86836,-4.24747,-9.06477,-20.32471,3.47900,12.20703,45,7,-90
2024-05-17 12:10:44.6,0.15387,-0.01226,9.12453,2.55710,-4.87477,-7.27863,4.39453,-22.82715,1.52588,286,-430,-28,-4784,15513,981,1982,3.53876,-5.75587,-6.89555,-16.72363,30.21240,-5.00488,45,8,-91
2024-05-17 12:10:44.7,0.57253,-1.13977,9.12796,2.85399,-4.00325,-7.79580,3.29590,-22.52197,1.70898,-82,242,197,-4886,15493,878,1940,3.71115,-4.06071,-8.52366,10.07080,-13.36670,13.18359,45,7,-91
2024-05-17 12:10:44.8,-1.68043,1.11967,10.44642,0.84279,-6.69443,-8.22677,3.66211,-22.52197,0.24414,-246,-375,105,-4625,15597,699,1815,1.61854,-7.69524,-7.94903,13.85498,23.37646,7.81250,45,9,-92
2024-05-17 12:10:44.9,-2.14930,-0.16093,8.87671,-0.22985,-4.89392,-7.70960,2.92969,-22.52197,0.24414,164,-227,225,-4694,15601,422,1685,0.65603,-4.06071,-8.45183,-8.05664,16.66260,11.77979,43,11,-91
2024-05-17 12:10:45.0,-0.07787,0.41042,9.22093,1.74304,-5.36320,-7.30736,1.95312,-22.15576,1.70898,22,-118,-261,-4726,15603,501,1544,3.07426,-5.79896,-7.82932,0.48828,8.48389,-17.02881,45,9,-92
2024-05-17 12:10:45.1,0.02775,-0.33050,9.29684,1.85797,-4.81731,-7.73834,1.95312,-22.82715,1.70898,-28,182,563,-4757,15594,404,1569,2.46133,-5.30095,-8.40874,8.97217,-7.87354,37.53662,44,10,-94
2024-05-17 12:10:45.2,-1.65326,0.19565,9.16915,0.04789,-5.27701,-7.68087,0.85449,-22.94922,0.00000,-44,433,538,-4727,15598,-244,1654,1.05349,-4.58745,-8.91154,7.56836,-21.78955,27.77100,44,11,-91
2024-05-17 12:10:45.3,-0.06080,-0.70424,9.63283,1.89628,-4.80773,-8.15973,0.06104,-22.94922,1.03760,114,47,-249,-4789,15563,-313,1784,3.06469,-4.92744,-9.11745,-2.86865,-0.79346,-16.35742,45,12,-93
2024-05-17 12:10:45.4,0.32245,-0.03717,9.65656,2.32725,-5.42067,-7.65214,2.31934,-22.82715,1.46484,308,223,79,-4870,15532,-180,1855,3.06469,-5.18124,-7.69045,-13.91602,-16.54053,9.64355,45,13,-93
2024-05-17 12:10:45.5,-1.93561,0.96216,8.94644,-0.15323,-5.99529,-6.98174,0.48828,-22.82715,1.70898,9,-430,35,-4943,15503,-337,1882,0.60336,-6.21078,-8.17410,-2.13623,32.53174,-4.76074,43,10,-93
2024-05-17 12:10:45.6,-1.76173,-1.01483,8.07567,-0.22027,-3.91705,-7.34567,0.85449,-22.82715,1.46484,5,-200,-77,-5000,15517,-292,1606,1.07264,-3.75424,-8.66253,3.96729,14.95361,-9.15527,46,12,-94
2024-05-17 12:10:45.7,0.94971,0.85193,11.29070,2.73906,-7.07751,-8.45662,0.48828,-22.52197,1.46484,-90,-169,-108,-4889,15570,-105,1453,3.89311,-7.64735,-8.79661,4.76074,11.10840,-6.16455,47,13,-92
2024-05-17 12:10:45.8,-0.24037,-1.19949,7.74979,1.11095,-3.61058,-6.87639,0.48828,-22.52197,1.46484,228,206,12,-5092,15504,-113,1451,1.83881,-2.72470,-7.06315,-8.97217,-12.51221,0.73242,46,10,-91
2024-05-17 12:10:45.9,-0.09630,-2.13734,9.89193,2.03036,-3.73509,-9.18449,0.85449,-22.82715,2.50244,-788,241,-375,-4792,15571,-13,1737,3.27538,-5.17645,-10.29065,53.03955,-11.23047,-22.82715,45,12,-93
2024-05-17 12:10:46.0,-1.21646,2.90091,12.72380,1.58981,-9.08871,-9.30899,0.85449,-22.15576,-0.06104,359,131,-156,-4399,15660,58,1963,2.43738,-8.89717,-9.66813,-15.13672,-8.30078,-7.99561,44,11,-91
2024-05-17 12:10:46.1,-1.72760,-1.38612,7.06467,0.10535,-3.03596,-6.75189,1.52588,-22.94922,-0.54932,549,-61,-709,-4903,15497,485,1998,0.88110,-2.41344,-7.48454,-34.05762,2.56348,-40.52734,44,8,-93
2024-05-17 12:10:46.2,-0.57508,-1.31129,8.78943,1.73346,-3.74467,-7.89157,2.92969,-22.64404,0.67139,-433,-355,-710,-4778,15505,1130,1981,2.62414,-3.57228,-8.37522,24.65820,23.07129,-44.25049,45,6,-92
2024-05-17 12:10:46.3,1.45350,1.84185,10.69493,4.54915,-6.34007,-7.68087,6.22559,-22.64404,0.24414,-24,-388,-562,-4410,15568,1834,1806,5.60263,-7.14934,-7.30258,0.42725,23.55957,-33.44727,44,4,-90
2024-05-17 12:10:46.4,-1.26667,0.56616,9.97843,1.47488,-5.70798,-8.16931,6.83594,-22.64404,-1.15967,85,-121,169,-4432,15565,1916,1689,2.18838,-5.61221,-8.78703,-3.29590,8.42285,10.80322,44,4,-90
2024-05-17 12:10:46.5,-1.02748,-0.97756,6.83136,0.64167,-3.04553,-6.24430,6.10352,-22.21680,0.67139,410,164,-254,-4704,15479,1985,1662,1.41742,-2.82526,-6.87160,-20.93506,-10.07080,-14.03809,46,4,-93
2024-05-17 12:10:46.6,-0.05413,-0.31539,9.28801,2.56668,-4.37676,-7.78622,7.20215,-22.64404,0.00000,-514,50,-444,-4573,15469,2188,1854,3.72072,-4.41028,-8.63859,32.10449,0.12207,-29.05273,42,2,-91
2024-05-17 12:10:46.7,-0.27960,0.41915,10.41601,3.01680,-5.25785,-8.48535,7.56836,-21.48438,0.67139,-100,260,384,-4306,15507,2322,2007,3.75424,-5.68404,-9.02167,9.82666,-13.24463,27.34375,43,1,-90
2024-05-17 12:10:46.8,-1.80194,-0.53889,9.21799,0.90025,-4.49168,-8.21719,7.56836,-22.21680,0.24414,162,74,599,-4396,15554,1776,2008,1.88670,-3.74945,-9.26110,-5.24902,-1.15967,33.38623,45,5,-89
2024-05-17 12:10:46.9,-0.38081,0.00412,9.97038,2.32725,-5.06631,-8.27466,5.73730,-21.85059,0.00000,68,-184,48,-4490,15563,1612,1862,3.41904,-4.81252,-8.56197,-3.78418,13.18359,1.40381,44,7,-90
2024-05-17 12:10:47.0,0.12406,-0.46642,9.30037,2.49006,-4.37676,-7.83411,6.40869,-22.94922,-0.36621,165,99,217,-4634,15532,1598,1780,3.26581,-4.40549,-8.42789,-6.59180,-4.76074,14.09912,43,6,-91
2024-05-17 12:10:47.1,-2.16303,0.39728,9.42090,0.22027,-5.56432,-7.91072,4.63867,-22.64404,-0.06104,-310,-546,-253,-4493,15604,1418,1658,1.44136,-5.36799,-9.27547,18.49365,34.42383,-16.41846,44,6,-91
2024-05-17 12:10:47.2,-1.43574,-0.16711,9.07128,0.69913,-4.80773,-7.79580,5.06592,-21.85059,0.00000,281,-98,-338,-4525,15586,1649,1519,2.32725,-3.85001,-8.83013,-16.11328,5.79834,-19.34814,46,4,-91
2024-05-17 12:10:47.3,0.65785,-0.24331,9.34058,2.80610,-4.30014,-7.83411,4.27246,-22.94922,0.00000,-326,-179,-77,-4495,15572,1862,1508,3.72072,-5.26743,-8.71042,21.48438,13.12256,-4.45557,43,4,-91
2024-05-17 12:10:47.4,-0.24518,-0.35374,10.49378,2.03036,-4.85561,-9.08871,5.43213,-21.17920,0.18311,-113,-38,113,-4324,15637,1801,1403,2.83962,-4.38155,-9.62025,10.19287,5.00488,7.01904,44,4,-88
2024-05-17 12:10:47.5,-0.69424,1.15762,10.30196,1.72389,-6.08149,-8.24592,5.43213,-21.48438,-0.06104,17,97,77,-4256,15666,1751,1359,2.51879,-6.11022,-7.97298,-2.62451,-13.30566,10.13184,44,5,-91
2024-05-17 12:10:47.6,-1.35346,-0.52242,8.03919,0.41182,-3.86917,-7.18286,5.43213,-22.64404,-0.54932,92,-9,88,-4412,15631,1577,1466,1.02475,-3.56749,-7.83411,-0.73242,3.72314,2.68555,47,6,-90
2024-05-17 12:10:47.7,-1.66797,0.86047,8.37616,0.40224,-5.24828,-6.78062,5.73730,-21.48438,-0.06104,-21,-41,-221,-4389,15631,1630,1478,1.93458,-4.96575,-7.32173,-1.03760,7.81250,-20.99609,43,4,-89
2024-05-17 12:10:47.8,0.73396,-0.21840,10.12945,3.03596,-4.63534,-8.51408,6.40869,-22.21680,0.18311,82,-71,-100,-4444,15584,1913,1471,4.01283,-4.81731,-9.07914,-3.84521,4.94385,-5.98145,46,5,-89
2024-05-17 12:10:47.9,-1.08416,0.03089,10.96913,1.44615,-5.78460,-9.27068,6.10352,-22.21680,-0.18311,149,-86,31,-4464,15579,1972,1381,2.42781,-5.99051,-9.39518,-6.65283,6.16455,2.44141,43,4,-89
2024-05-17 12:10:48.0,-1.70985,-1.15066,9.75492,0.17239,-4.64492,-8.82055,5.06592,-22.64404,0.54932,301,-558,-55,-4685,15532,1945,1208,1.11095,-4.22352,-10.43909,-17.45605,34.17969,-2.80762,44,5,-89
2024-05-17 12:10:48.1,-1.78791,-1.04866,10.59911,-0.40224,-5.27701,-9.41434,5.43213,-22.64404,0.97656,-98,-859,-229,-4658,15529,2287,592,0.61294,-4.92744,-10.34332,4.45557,53.46680,-14.89258,44,4,-92
2024-05-17 12:10:48.2,0.68217,-0.14916,8.26073,1.39826,-4.16606,-7.02963,6.10352,-21.17920,0.18311,420,-753,-618,-4748,15401,2951,-54,2.24105,-3.86917,-6.79978,-28.74756,48.15674,-35.21729,43,1,-90
2024-05-17 12:10:48.3,1.80115,0.74641,8.75412,2.89230,-4.67365,-7.08709,7.56836,-22.21680,0.54932,-14,64,-586,-4821,15261,3502,-147,3.64410,-4.59224,-6.76626,0.24414,-0.36621,-35.70557,41,-2,-90
2024-05-17 12:10:48.4,0.30598,0.81928,9.71972,2.16444,-5.66967,-7.64256,9.64355,-21.85059,0.54932,-75,182,-525,-4795,15167,3921,158,2.86836,-6.36880,-8.19804,5.12695,-10.49805,-33.50830,42,-2,-91
2024-05-17 12:10:48.5,-1.82469,-0.06737,9.46032,0.15323,-5.88995,-7.62341,9.94873,-21.85059,1.64795,124,-196,-698,-4829,15053,4295,279,1.16841,-5.63136,-8.51408,-7.81250,10.37598,-39.85596,42,-3,-91
2024-05-17 12:10:48.6,-1.36739,0.10229,9.53515,1.02475,-5.94741,-7.50848,12.87842,-20.38574,1.22070,332,-19,-718,-4979,14807,4928,329,1.91064,-6.13895,-7.90594,-20.81299,-0.12207,-39.97803,38,-6,-89
2024-05-17 12:10:48.7,-0.70375,-0.27391,9.67186,1.74304,-5.54517,-7.76707,13.85498,-20.75195,1.70898,177,36,-437,-5187,14593,5328,437,2.57146,-6.79020,-8.38479,-9.15527,-0.79346,-21.24023,40,-6,-93
2024-05-17 12:10:48.8,-1.66670,-0.91980,8.93261,0.32562,-5.54517,-7.24990,14.16016,-20.01953,1.22070,360,-579,-285,-5323,14472,5534,200,1.24982,-5.57390,-7.62820,-22.64404,35.58350,-17.27295,39,-6,-92
2024-05-17 12:10:48.9,0.68875,0.38816,10.54753,3.13173,-5.95699,-8.15973,14.40430,-19.40918,2.31934,278,-281,-406,-5456,14273,5911,-141,4.43422,-7.09667,-8.23635,-14.58740,14.28223,-20.62988,38,-6,-93
2024-05-17 12:10:49.0,-0.45240,-0.49800,9.37481,1.40784,-5.76544,-7.28821,15.62500,-19.77539,2.99072,342,139,255,-5672,14189,5903,-282,1.90106,-5.64573,-7.87720,-15.50293,-8.23975,18.12744,39,-5,-94
2024-05-17 12:10:49.1,-0.95932,-1.20038,8.73666,0.45013,-5.47813,-6.96259,15.13672,-19.71436,2.99072,44,262,-32,-5854,14196,5705,-280,1.32165,-5.46855,-7.01047,3.60107,-21.54541,-1.77002,38,-6,-93
2024-05-17 12:10:49.2,-0.48868,-1.15056,8.22817,1.12053,-4.72153,-6.76147,14.34326,-19.71436,3.41797,-576,285,-341,-5814,14232,5662,179,2.12613,-5.10462,-7.90594,40.77148,-11.23047,-21.97266,39,-8,-94
2024-05-17 12:10:49.3,-0.78583,0.06679,10.38954,2.55710,-6.15811,-8.00650,15.13672,-19.40918,2.62451,-607,-15,-573,-5308,14297,5961,581,3.81649,-6.56992,-8.46141,33.02002,2.62451,-34.97314,36,-11,-92
2024-05-17 12:10:49.4,-0.00981,0.35188,10.55174,3.61058,-5.48771,-8.26508,16.84570,-18.24951,1.15967,-85,183,-58,-5079,14273,6184,827,4.35281,-5.53559,-8.39916,6.10352,-11.04736,3.35693,37,-12,-90
2024-05-17 12:10:49.5,-1.52764,-0.35501,9.68000,1.76220,-5.70798,-7.77664,16.47949,-18.24951,1.83105,37,122,414,-5079,14396,5880,910,2.63372,-5.52601,-8.26029,5.61523,-5.61523,27.28271,38,-10,-92
2024-05-17 12:10:49.6,-0.95265,-0.15495,9.18671,2.03036,-5.28659,-7.29779,16.47949,-17.94434,1.52588,235,-167,-136,-5137,14413,5802,802,2.90666,-5.35841,-7.92988,-10.86426,10.92529,-6.40869,37,-8,-89
2024-05-17 12:10:49.7,-0.08875,0.74651,10.32422,3.40946,-5.99529,-7.71918,16.11328,-19.04297,2.99072,339,-45,224,-5255,14356,5862,593,4.24268,-6.46458,-7.42708,-15.01465,7.62939,10.25391,38,-9,-90
2024-05-17 12:10:49.8,-1.14281,-0.32285,8.97036,1.40784,-5.54517,-7.01047,15.50293,-19.04297,2.92969,51,-371,82,-5379,14393,5668,445,2.37513,-5.45897,-8.38958,-1.64795,23.68164,5.31006,39,-10,-93
2024-05-17 12:10:49.9,-0.61676,-1.48743,6.26432,0.24901,-3.30412,-5.55475,15.13672,-18.61572,1.95312,371,85,77,-5617,14293,5706,170,0.86194,-3.11736,-5.79417,-18.79883,-5.24902,6.28662,39,-7,-92
2024-05-17 12:10:50.0,0.19967,-0.90107,9.13140,2.09740,-4.59703,-7.66172,15.50293,-19.04297,2.19727,-598,35,-351,-5477,14321,5763,350,3.23229,-4.65928,-8.68647,36.98730,0.97656,-22.94922,37,-11,-91
2024-05-17 12:10:50.1,0.46926,1.13124,12.63858,4.79815,-6.72316,-9.64419,16.47949,-19.04297,0.73242,-514,390,130,-5022,14392,5966,693,6.04797,-6.66091,-10.11347,32.22656,-21.48438,7.87354,37,-10,-90
2024-05-17 12:10:50.2,-1.91570,-0.62912,10.67610,1.48446,-6.40711,-8.64817,16.11328,-18.61572,0.00000,222,132,478,-5131,14443,5730,828,2.29852,-7.01047,-9.42870,-10.25391,-6.04248,32.89795,37,-10,-89
2024-05-17 12:10:50.3,-1.78007,-1.68200,7.21678,-0.28731,-4.17564,-6.36880,15.13672,-19.71436,2.19727,273,-186,89,-5433,14489,5350,610,0.46928,-3.26102,-7.20680,-13.48877,13.61084,2.07520,41,-8,-92
2024-05-17 12:10:50.4,-0.00706,-0.02344,9.06804,2.50921,-5.05673,-7.09667,15.50293,-19.04297,2.92969,-83,-139,-385,-5396,14412,5599,500,3.81171,-4.96096,-7.02484,7.14111,7.44629,-24.78027,39,-9,-93
2024-05-17 12:10:50.5,1.46173,1.78272,10.17437,5.32489,-5.48771,-7.09667,15.80811,-19.04297,1.95312,4,402,-43,-5352,14341,5791,770,6.26824,-6.75189,-6.71358,3.66211,-24.23096,2.38037,40,-10,-93
2024-05-17 12:10:50.6,-0.87635,-1.16115,10.62245,2.29852,-5.66009,-8.81098,16.11328,-18.61572,3.41797,-152,788,716,-5468,14490,5219,1159,3.02638,-5.92825,-9.64898,15.80811,-45.10498,47.72949,39,-6,-95
2024-05-17 12:10:50.7,-1.73437,-2.83285,8.34370,0.39266,-3.79255,-8.13100,14.34326,-19.04297,1.83105,-358,628,250,-5534,14667,4475,1633,1.45573,-2.59541,-9.05519,26.18408,-35.40039,15.07568,42,-6,-95
2024-05-17 12:10:50.8,-2.19883,-0.26106,11.04376,2.35598,-6.85724,-8.61943,13.54980,-20.01953,4.45557,-81,-41,-188,-5357,14699,4480,1902,3.81171,-6.50767,-9.10308,3.54004,3.54004,-8.91113,40,-8,-94
2024-05-17 12:10:50.9,0.17829,-1.66768,9.93498,3.21792,-3.98409,-8.67690,13.24463,-19.71436,2.99072,-258,-21,220,-5286,14746,4429,1857,4.18043,-3.99846,-8.71999,22.70508,1.58691,14.22119,40,-5,-93
2024-05-17 12:10:51.0,0.53811,-0.41209,9.47543,3.82128,-4.07987,-7.68087,13.67188,-20.38574,1.83105,-661,195,307,-4961,14925,4145,1970,4.46295,-4.72632,-7.95861,50.35400,-8.78906,24.71924,41,-6,-90
