timestamp,BNO055_AX,BNO055_AY,BNO055_AZ,BNO055_GX,BNO055_GY,BNO055_GZ,MPU9250_AX,MPU9250_AY,MPU9250_AZ,MPU9250_GX,MPU9250_GY,MPU9250_GZ
0,-764.0,476.0,772.0,,,,,,,,,
100,-756.0,420.0,800.0,,,,,,,,,
200,-720.0,416.0,780.0,,,,,,,,,
300,-652.0,472.0,760.0,,,,,,,,,
400,-580.0,508.0,788.0,,,,,,,,,
500,-512.0,476.0,804.0,,,,,,,,,
600,-436.0,440.0,844.0,,,,,,,,,
700,-380.0,440.0,832.0,,,,,,,,,
800,-308.0,492.0,792.0,,,,,,,,,
900,-248.0,528.0,808.0,,,,,,,,,
1000,-224.0,516.0,816.0,,,,,,,,,
1100,-192.0,500.0,832.0,,,,,,,,,
1200,-180.0,540.0,816.0,,,,,,,,,
1300,-184.0,580.0,808.0,,,,,,,,,
1400,-184.0,616.0,812.0,,,,,,,,,
1500,-184.0,612.0,832.0,,,,,,,,,
1600,-172.0,600.0,828.0,,,,,,,,,
1700,-160.0,612.0,828.0,,,,,,,,,
1800,-152.0,604.0,820.0,,,,,,,,,
1900,-152.0,600.0,836.0,,,,,,,,,
2000,-172.0,616.0,828.0,,,,,,,,,
2100,-156.0,620.0,852.0,,,,,,,,,
2200,-136.0,604.0,836.0,,,,,,,,,
2300,-128.0,592.0,844.0,,,,,,,,,
2400,-132.0,604.0,832.0,,,,,,,,,
2500,-144.0,604.0,824.0,,,,,,,,,
2600,-152.0,612.0,828.0,,,,,,,,,
2700,-168.0,608.0,872.0,,,,,,,,,
2800,-164.0,612.0,864.0,,,,,,,,,
2900,-156.0,616.0,860.0,,,,,,,,,
3000,-136.0,604.0,852.0,,,,,,,,,
3100,-144.0,596.0,832.0,,,,,,,,,
3200,-132.0,604.0,832.0,,,,,,,,,
3300,-108.0,616.0,824.0,,,,,,,,,
3400,-92.0,608.0,828.0,,,,,,,,,
3500,-92.0,608.0,816.0,,,,,,,,,
3600,-100.0,612.0,816.0,,,,,,,,,
3700,-108.0,624.0,840.0,,,,,,,,,
3800,-108.0,632.0,836.0,,,,,,,,,
3900,-112.0,628.0,832.0,,,,,,,,,
4000,-112.0,624.0,840.0,,,,,,,,,
4100,-108.0,628.0,828.0,,,,,,,,,
4200,-116.0,632.0,848.0,,,,,,,,,
4300,-120.0,640.0,820.0,,,,,,,,,
4400,-128.0,640.0,816.0,,,,,,,,,
4500,-120.0,636.0,836.0,,,,,,,,,
4600,-128.0,640.0,812.0,,,,,,,,,
4700,-124.0,644.0,820.0,,,,,,,,,
4800,-124.0,636.0,820.0,,,,,,,,,
4900,-128.0,632.0,824.0,,,,,,,,,
5000,-136.0,644.0,820.0,,,,,,,,,
5100,-140.0,640.0,824.0,,,,,,,,,
5200,-140.0,644.0,808.0,,,,,,,,,
5300,-136.0,644.0,816.0,,,,,,,,,
5400,-148.0,640.0,824.0,,,,,,,,,
5500,-144.0,652.0,824.0,,,,,,,,,
5600,-148.0,652.0,816.0,,,,,,,,,
5700,-140.0,648.0,816.0,,,,,,,,,
5800,-140.0,648.0,808.0,,,,,,,,,
5900,-140.0,640.0,812.0,,,,,,,,,
6000,-144.0,644.0,812.0,,,,,,,,,
6100,-140.0,644.0,820.0,,,,,,,,,
6200,-148.0,636.0,816.0,,,,,,,,,
6300,-144.0,636.0,812.0,,,,,,,,,
6400,-144.0,644.0,808.0,,,,,,,,,
6500,-144.0,640.0,824.0,,,,,,,,,
6600,-152.0,640.0,824.0,,,,,,,,,
6700,-144.0,644.0,816.0,,,,,,,,,
6800,-136.0,616.0,868.0,,,,,,,,,
6900,-132.0,640.0,804.0,,,,,,,,,
7000,-132.0,668.0,788.0,,,,,,,,,
7100,-112.0,668.0,796.0,,,,,,,,,
7200,-88.0,672.0,804.0,,,,,,,,,
7300,-80.0,672.0,804.0,,,,,,,,,
7400,-72.0,668.0,828.0,,,,,,,,,
7500,-48.0,688.0,916.0,,,,,,,,,
7600,-4.0,716.0,804.0,,,,,,,,,
7700,60.0,672.0,776.0,,,,,,,,,
7800,88.0,712.0,744.0,,,,,,,,,
7900,76.0,692.0,780.0,,,,,,,,,
8000,60.0,648.0,824.0,,,,,,,,,
8100,92.0,588.0,860.0,,,,,,,,,
8200,120.0,564.0,856.0,,,,,,,,,
8300,124.0,572.0,868.0,,,,,,,,,
8400,128.0,572.0,868.0,,,,,,,,,
8500,136.0,576.0,880.0,,,,,,,,,
8600,132.0,584.0,852.0,,,,,,,,,
8700,124.0,588.0,844.0,,,,,,,,,
8800,136.0,588.0,864.0,,,,,,,,,
8900,120.0,584.0,856.0,,,,,,,,,
9000,108.0,576.0,856.0,,,,,,,,,
9100,116.0,580.0,868.0,,,,,,,,,
9200,96.0,584.0,868.0,,,,,,,,,
9300,104.0,584.0,860.0,,,,,,,,,
9400,104.0,576.0,856.0,,,,,,,,,
9500,104.0,572.0,880.0,,,,,,,,,
9600,108.0,576.0,868.0,,,,,,,,,
9700,108.0,580.0,848.0,,,,,,,,,
9800,96.0,580.0,864.0,,,,,,,,,
9900,100.0,584.0,872.0,,,,,,,,,
10000,96.0,588.0,864.0,,,,,,,,,
10100,108.0,588.0,868.0,,,,,,,,,
10200,88.0,580.0,856.0,,,,,,,,,
10300,96.0,576.0,848.0,,,,,,,,,
10400,100.0,580.0,876.0,,,,,,,,,
10500,100.0,592.0,864.0,,,,,,,,,
10600,100.0,600.0,832.0,,,,,,,,,
10700,96.0,596.0,856.0,,,,,,,,,
10800,112.0,596.0,876.0,,,,,,,,,
10900,124.0,604.0,860.0,,,,,,,,,
11000,124.0,600.0,848.0,,,,,,,,,
11100,116.0,596.0,848.0,,,,,,,,,
11200,128.0,600.0,864.0,,,,,,,,,
11300,124.0,592.0,840.0,,,,,,,,,
11400,116.0,600.0,856.0,,,,,,,,,
11500,116.0,600.0,860.0,,,,,,,,,
11600,112.0,600.0,852.0,,,,,,,,,
11700,112.0,600.0,860.0,,,,,,,,,
11800,108.0,600.0,860.0,,,,,,,,,
11900,100.0,596.0,868.0,,,,,,,,,
12000,100.0,592.0,860.0,,,,,,,,,
12100,100.0,596.0,860.0,,,,,,,,,
12200,104.0,596.0,868.0,,,,,,,,,
12300,104.0,596.0,860.0,,,,,,,,,
12400,104.0,588.0,860.0,,,,,,,,,
12500,104.0,588.0,852.0,,,,,,,,,
12600,100.0,588.0,868.0,,,,,,,,,
12700,96.0,592.0,848.0,,,,,,,,,
12800,100.0,600.0,860.0,,,,,,,,,
12900,96.0,596.0,860.0,,,,,,,,,
13000,92.0,588.0,864.0,,,,,,,,,
13100,84.0,592.0,864.0,,,,,,,,,
13200,88.0,592.0,864.0,,,,,,,,,
13300,84.0,592.0,860.0,,,,,,,,,
13400,84.0,584.0,864.0,,,,,,,,,
13500,76.0,584.0,864.0,,,,,,,,,
13600,80.0,584.0,860.0,,,,,,,,,
13700,72.0,600.0,876.0,,,,,,,,,
13800,60.0,600.0,860.0,,,,,,,,,
13900,60.0,580.0,872.0,,,,,,,,,
14000,56.0,572.0,872.0,,,,,,,,,
14100,52.0,572.0,872.0,,,,,,,,,
14200,52.0,592.0,884.0,,,,,,,,,
14300,44.0,592.0,876.0,,,,,,,,,
14400,52.0,596.0,848.0,,,,,,,,,
14500,40.0,588.0,856.0,,,,,,,,,
14600,36.0,592.0,864.0,,,,,,,,,
14700,36.0,592.0,868.0,,,,,,,,,
14800,32.0,592.0,848.0,,,,,,,,,
14900,40.0,592.0,860.0,,,,,,,,,
15000,32.0,592.0,852.0,,,,,,,,,
15100,24.0,588.0,872.0,,,,,,,,,
15200,16.0,588.0,896.0,,,,,,,,,
15300,16.0,588.0,884.0,,,,,,,,,
15400,8.0,596.0,848.0,,,,,,,,,
15500,24.0,588.0,872.0,,,,,,,,,
15600,32.0,580.0,856.0,,,,,,,,,
15700,36.0,580.0,856.0,,,,,,,,,
15800,36.0,588.0,856.0,,,,,,,,,
15900,40.0,592.0,868.0,,,,,,,,,
16000,40.0,588.0,880.0,,,,,,,,,
16100,36.0,592.0,876.0,,,,,,,,,
16200,28.0,596.0,856.0,,,,,,,,,
16300,28.0,588.0,872.0,,,,,,,,,
16400,28.0,568.0,884.0,,,,,,,,,
16500,28.0,564.0,876.0,,,,,,,,,
16600,32.0,572.0,868.0,,,,,,,,,
16700,16.0,572.0,868.0,,,,,,,,,
16800,8.0,576.0,884.0,,,,,,,,,
16900,12.0,568.0,876.0,,,,,,,,,
17000,-8.0,568.0,872.0,,,,,,,,,
17100,-16.0,568.0,876.0,,,,,,,,,
17200,-12.0,560.0,864.0,,,,,,,,,
17300,-4.0,540.0,860.0,,,,,,,,,
17400,-64.0,536.0,820.0,,,,,,,,,
17500,-120.0,524.0,880.0,,,,,,,,,
17600,-148.0,504.0,892.0,,,,,,,,,
17700,-212.0,488.0,900.0,,,,,,,,,
17800,-252.0,468.0,872.0,,,,,,,,,
17900,-264.0,452.0,828.0,,,,,,,,,
18000,-320.0,448.0,768.0,,,,,,,,,
18100,-384.0,492.0,836.0,,,,,,,,,
18200,-240.0,592.0,1020.0,,,,,,,,,
18300,-344.0,480.0,768.0,,,,,,,,,
18400,-252.0,360.0,1192.0,,,,,,,,,
18500,-356.0,356.0,636.0,,,,,,,,,
18600,-512.0,312.0,736.0,,,,,,,,,
18700,-524.0,264.0,876.0,,,,,,,,,
18800,-648.0,152.0,760.0,,,,,,,,,
18900,-832.0,184.0,920.0,,,,,,,,,
19000,-912.0,300.0,1028.0,,,,,,,,,
19100,-892.0,116.0,792.0,,,,,,,,,
19200,-860.0,156.0,792.0,,,,,,,,,
19300,-744.0,552.0,588.0,,,,,,,,,
19400,-608.0,600.0,580.0,,,,,,,,,
19500,-496.0,484.0,744.0,,,,,,,,,
19600,-348.0,232.0,780.0,,,,,,,,,
19700,-248.0,288.0,900.0,,,,,,,,,
19800,-188.0,396.0,836.0,,,,,,,,,
19900,-196.0,440.0,832.0,,,,,,,,,
20000,-236.0,380.0,940.0,,,,,,,,,
20100,-260.0,396.0,976.0,,,,,,,,,
20200,-308.0,448.0,944.0,,,,,,,,,
20300,-332.0,396.0,960.0,,,,,,,,,
20400,-352.0,308.0,872.0,,,,,,,,,
20500,-324.0,324.0,796.0,,,,,,,,,
20600,-276.0,368.0,832.0,,,,,,,,,
20700,-316.0,496.0,844.0,,,,,,,,,
20800,-420.0,768.0,1072.0,,,,,,,,,
20900,-804.0,700.0,1308.0,,,,,,,,,
21000,-704.0,476.0,1208.0,,,,,,,,,
21100,-336.0,432.0,672.0,,,,,,,,,
21200,-244.0,440.0,680.0,,,,,,,,,
21300,-116.0,492.0,760.0,,,,,,,,,
21400,44.0,556.0,736.0,,,,,,,,,
21500,96.0,588.0,928.0,,,,,,,,,
21600,112.0,292.0,1068.0,,,,,,,,,
21700,120.0,356.0,916.0,,,,,,,,,
21800,40.0,440.0,840.0,,,,,,,,,
21900,20.0,592.0,780.0,,,,,,,,,
22000,16.0,588.0,872.0,,,,,,,,,
22100,-64.0,584.0,880.0,,,,,,,,,
22200,-116.0,592.0,812.0,,,,,,,,,
22300,-140.0,628.0,840.0,,,,,,,,,
22400,-200.0,636.0,840.0,,,,,,,,,
22500,-216.0,616.0,832.0,,,,,,,,,
22600,-224.0,620.0,712.0,,,,,,,,,
22700,-272.0,628.0,660.0,,,,,,,,,
22800,-320.0,572.0,716.0,,,,,,,,,
22900,-416.0,492.0,832.0,,,,,,,,,
23000,-528.0,472.0,852.0,,,,,,,,,
23100,-588.0,660.0,748.0,,,,,,,,,
23200,-536.0,920.0,1016.0,,,,,,,,,
23300,-452.0,1008.0,628.0,,,,,,,,,
23400,-448.0,892.0,352.0,,,,,,,,,
23500,-360.0,448.0,548.0,,,,,,,,,
23600,-172.0,220.0,716.0,,,,,,,,,
23700,-124.0,152.0,740.0,,,,,,,,,
23800,-188.0,224.0,760.0,,,,,,,,,
23900,-368.0,504.0,848.0,,,,,,,,,
24000,-408.0,696.0,1036.0,,,,,,,,,
24100,-588.0,796.0,928.0,,,,,,,,,
24200,-552.0,704.0,204.0,,,,,,,,,
24300,-448.0,772.0,236.0,,,,,,,,,
24400,-316.0,648.0,860.0,,,,,,,,,
24500,-320.0,656.0,804.0,,,,,,,,,
24600,-220.0,616.0,628.0,,,,,,,,,
24700,-140.0,604.0,640.0,,,,,,,,,
24800,-120.0,592.0,704.0,,,,,,,,,
24900,-140.0,644.0,680.0,,,,,,,,,
25000,-188.0,664.0,628.0,,,,,,,,,
25100,-272.0,656.0,692.0,,,,,,,,,
25200,-332.0,548.0,780.0,,,,,,,,,
25300,-448.0,516.0,784.0,,,,,,,,,
25400,-488.0,528.0,652.0,,,,,,,,,
25500,-656.0,504.0,640.0,,,,,,,,,
25600,-780.0,424.0,596.0,,,,,,,,,
25700,-868.0,260.0,804.0,,,,,,,,,
25800,-896.0,168.0,748.0,,,,,,,,,
25900,-924.0,252.0,536.0,,,,,,,,,
26000,-856.0,388.0,536.0,,,,,,,,,
26100,-796.0,412.0,472.0,,,,,,,,,
26200,-772.0,356.0,476.0,,,,,,,,,
26300,-780.0,308.0,568.0,,,,,,,,,
26400,-808.0,360.0,648.0,,,,,,,,,
26500,-808.0,408.0,608.0,,,,,,,,,
26600,-812.0,420.0,600.0,,,,,,,,,
26700,-796.0,520.0,680.0,,,,,,,,,
26800,-824.0,544.0,628.0,,,,,,,,,
26900,-928.0,324.0,748.0,,,,,,,,,
27000,-840.0,-76.0,504.0,,,,,,,,,
27100,-512.0,160.0,760.0,,,,,,,,,
27200,-416.0,416.0,308.0,,,,,,,,,
27300,-452.0,540.0,236.0,,,,,,,,,
27400,-572.0,420.0,636.0,,,,,,,,,
27500,-772.0,300.0,920.0,,,,,,,,,
27600,-868.0,372.0,860.0,,,,,,,,,
27700,-892.0,448.0,692.0,,,,,,,,,
27800,-780.0,392.0,716.0,,,,,,,,,
27900,-708.0,392.0,388.0,,,,,,,,,
28000,-636.0,312.0,424.0,,,,,,,,,
28100,-580.0,324.0,688.0,,,,,,,,,
28200,-624.0,232.0,684.0,,,,,,,,,
28300,-812.0,204.0,736.0,,,,,,,,,
28400,-924.0,524.0,896.0,,,,,,,,,
28500,-948.0,632.0,876.0,,,,,,,,,
28600,-988.0,424.0,500.0,,,,,,,,,
28700,-856.0,344.0,704.0,,,,,,,,,
28800,-760.0,232.0,680.0,,,,,,,,,
28900,-536.0,340.0,624.0,,,,,,,,,
29000,-416.0,452.0,680.0,,,,,,,,,
29100,-136.0,204.0,680.0,,,,,,,,,
29200,-132.0,124.0,480.0,,,,,,,,,
29300,-348.0,240.0,680.0,,,,,,,,,
29400,-620.0,524.0,676.0,,,,,,,,,
29500,-760.0,676.0,884.0,,,,,,,,,
29600,-848.0,552.0,820.0,,,,,,,,,
29700,-852.0,484.0,728.0,,,,,,,,,
29800,-800.0,452.0,544.0,,,,,,,,,
29900,-760.0,684.0,344.0,,,,,,,,,
30000,-688.0,148.0,660.0,,,,,,,,,
30100,-740.0,244.0,676.0,,,,,,,,,
30200,-796.0,312.0,512.0,,,,,,,,,
30300,-808.0,260.0,680.0,,,,,,,,,
30400,-856.0,168.0,660.0,,,,,,,,,
30500,-944.0,108.0,556.0,,,,,,,,,
30600,-872.0,292.0,468.0,,,,,,,,,
30700,-736.0,316.0,508.0,,,,,,,,,
30800,-716.0,312.0,764.0,,,,,,,,,
30900,-680.0,292.0,816.0,,,,,,,,,
31000,-680.0,260.0,712.0,,,,,,,,,
31100,-652.0,252.0,624.0,,,,,,,,,
31200,-652.0,148.0,772.0,,,,,,,,,
31300,-652.0,-8.0,924.0,,,,,,,,,
31400,-700.0,40.0,788.0,,,,,,,,,
31500,-744.0,60.0,724.0,,,,,,,,,
31600,-744.0,196.0,648.0,,,,,,,,,
31700,-716.0,388.0,556.0,,,,,,,,,
31800,-716.0,292.0,676.0,,,,,,,,,
31900,-772.0,200.0,844.0,,,,,,,,,
32000,-820.0,168.0,948.0,,,,,,,,,
32100,-812.0,220.0,968.0,,,,,,,,,
32200,-776.0,284.0,752.0,,,,,,,,,
32300,-640.0,28.0,956.0,,,,,,,,,
32400,-508.0,20.0,916.0,,,,,,,,,
32500,-408.0,208.0,896.0,,,,,,,,,
32600,-240.0,452.0,720.0,,,,,,,,,
32700,-148.0,384.0,624.0,,,,,,,,,
32800,-144.0,284.0,632.0,,,,,,,,,
32900,-228.0,364.0,692.0,,,,,,,,,
33000,-444.0,556.0,852.0,,,,,,,,,
33100,-560.0,576.0,1024.0,,,,,,,,,
33200,-636.0,540.0,1020.0,,,,,,,,,
33300,-588.0,544.0,880.0,,,,,,,,,
33400,-512.0,600.0,736.0,,,,,,,,,
33500,-388.0,672.0,804.0,,,,,,,,,
33600,-296.0,640.0,788.0,,,,,,,,,
33700,-208.0,556.0,824.0,,,,,,,,,
33800,-136.0,540.0,860.0,,,,,,,,,
33900,-84.0,532.0,800.0,,,,,,,,,
34000,-36.0,584.0,824.0,,,,,,,,,
34100,-20.0,656.0,772.0,,,,,,,,,
34200,20.0,624.0,784.0,,,,,,,,,
34300,88.0,516.0,868.0,,,,,,,,,
34400,112.0,524.0,864.0,,,,,,,,,
34500,144.0,536.0,876.0,,,,,,,,,
34600,164.0,548.0,904.0,,,,,,,,,
34700,188.0,500.0,916.0,,,,,,,,,
34800,216.0,556.0,860.0,,,,,,,,,
34900,204.0,572.0,796.0,,,,,,,,,
35000,196.0,508.0,928.0,,,,,,,,,
35100,204.0,392.0,1020.0,,,,,,,,,
35200,152.0,328.0,980.0,,,,,,,,,
35300,164.0,528.0,940.0,,,,,,,,,
35400,216.0,692.0,984.0,,,,,,,,,
35500,304.0,652.0,796.0,,,,,,,,,
35600,276.0,648.0,760.0,,,,,,,,,
35700,276.0,608.0,772.0,,,,,,,,,
35800,312.0,572.0,648.0,,,,,,,,,
35900,316.0,624.0,672.0,,,,,,,,,
36000,312.0,692.0,632.0,,,,,,,,,
36100,328.0,744.0,724.0,,,,,,,,,
36200,316.0,752.0,756.0,,,,,,,,,
36300,312.0,736.0,776.0,,,,,,,,,
36400,332.0,716.0,912.0,,,,,,,,,
36500,332.0,624.0,884.0,,,,,,,,,
36600,324.0,552.0,768.0,,,,,,,,,
36700,332.0,604.0,732.0,,,,,,,,,
36800,360.0,652.0,680.0,,,,,,,,,
36900,336.0,640.0,536.0,,,,,,,,,
37000,372.0,636.0,672.0,,,,,,,,,
37100,376.0,628.0,700.0,,,,,,,,,
37200,392.0,668.0,692.0,,,,,,,,,
37300,280.0,660.0,692.0,,,,,,,,,
37400,256.0,676.0,840.0,,,,,,,,,
37500,164.0,608.0,864.0,,,,,,,,,
37600,140.0,616.0,848.0,,,,,,,,,
37700,60.0,636.0,868.0,,,,,,,,,
37800,32.0,612.0,928.0,,,,,,,,,
37900,8.0,600.0,892.0,,,,,,,,,
38000,32.0,600.0,912.0,,,,,,,,,
38100,32.0,640.0,848.0,,,,,,,,,
38200,20.0,624.0,832.0,,,,,,,,,
38300,36.0,604.0,808.0,,,,,,,,,
38400,24.0,604.0,820.0,,,,,,,,,
38500,24.0,576.0,880.0,,,,,,,,,
38600,-8.0,608.0,844.0,,,,,,,,,
38700,-4.0,648.0,804.0,,,,,,,,,
38800,-12.0,660.0,820.0,,,,,,,,,
38900,-28.0,648.0,828.0,,,,,,,,,
39000,-44.0,688.0,832.0,,,,,,,,,
39100,-28.0,652.0,828.0,,,,,,,,,
39200,-4.0,676.0,768.0,,,,,,,,,
39300,-40.0,700.0,724.0,,,,,,,,,
39400,-48.0,724.0,756.0,,,,,,,,,
39500,-36.0,740.0,780.0,,,,,,,,,
39600,-64.0,704.0,768.0,,,,,,,,,
39700,-68.0,712.0,776.0,,,,,,,,,
39800,-68.0,728.0,752.0,,,,,,,,,
39900,-80.0,736.0,772.0,,,,,,,,,
40000,-96.0,724.0,764.0,,,,,,,,,
40100,-92.0,692.0,808.0,,,,,,,,,
40200,-108.0,712.0,796.0,,,,,,,,,
40300,-136.0,704.0,768.0,,,,,,,,,
40400,-120.0,712.0,796.0,,,,,,,,,
40500,-112.0,712.0,764.0,,,,,,,,,
40600,-112.0,700.0,748.0,,,,,,,,,
40700,-104.0,704.0,756.0,,,,,,,,,
40800,-108.0,704.0,752.0,,,,,,,,,
40900,-112.0,708.0,756.0,,,,,,,,,
41000,-128.0,716.0,764.0,,,,,,,,,
41100,-136.0,716.0,768.0,,,,,,,,,
41200,-152.0,716.0,768.0,,,,,,,,,
41300,-148.0,720.0,756.0,,,,,,,,,
41400,-152.0,732.0,752.0,,,,,,,,,
41500,-160.0,724.0,768.0,,,,,,,,,
41600,-120.0,708.0,720.0,,,,,,,,,
41700,-144.0,704.0,700.0,,,,,,,,,
41800,-124.0,700.0,732.0,,,,,,,,,
41900,-104.0,728.0,796.0,,,,,,,,,
42000,-96.0,744.0,776.0,,,,,,,,,
42100,-80.0,748.0,784.0,,,,,,,,,
42200,-68.0,736.0,768.0,,,,,,,,,
42300,-24.0,716.0,760.0,,,,,,,,,
42400,12.0,732.0,768.0,,,,,,,,,
42500,16.0,728.0,792.0,,,,,,,,,
42600,28.0,692.0,800.0,,,,,,,,,
42700,32.0,684.0,876.0,,,,,,,,,
42800,44.0,692.0,788.0,,,,,,,,,
42900,36.0,652.0,824.0,,,,,,,,,
43000,20.0,644.0,820.0,,,,,,,,,
43100,52.0,660.0,836.0,,,,,,,,,
43200,96.0,632.0,756.0,,,,,,,,,
43300,116.0,620.0,796.0,,,,,,,,,
43400,108.0,644.0,812.0,,,,,,,,,
43500,120.0,656.0,824.0,,,,,,,,,
43600,100.0,640.0,812.0,,,,,,,,,
43700,116.0,648.0,784.0,,,,,,,,,
43800,100.0,656.0,796.0,,,,,,,,,
43900,112.0,660.0,836.0,,,,,,,,,
44000,96.0,660.0,796.0,,,,,,,,,
44100,76.0,668.0,828.0,,,,,,,,,
44200,80.0,660.0,804.0,,,,,,,,,
44300,80.0,672.0,820.0,,,,,,,,,
44400,88.0,744.0,936.0,,,,,,,,,
44500,56.0,680.0,736.0,,,,,,,,,
44600,80.0,616.0,736.0,,,,,,,,,
44700,60.0,648.0,788.0,,,,,,,,,
44800,32.0,688.0,864.0,,,,,,,,,
44900,36.0,692.0,884.0,,,,,,,,,
45000,40.0,676.0,864.0,,,,,,,,,
45100,48.0,676.0,776.0,,,,,,,,,
45200,92.0,664.0,772.0,,,,,,,,,
45300,80.0,664.0,788.0,,,,,,,,,
45400,84.0,656.0,848.0,,,,,,,,,
45500,32.0,672.0,844.0,,,,,,,,,
45600,28.0,660.0,852.0,,,,,,,,,
45700,12.0,680.0,832.0,,,,,,,,,
45800,20.0,672.0,804.0,,,,,,,,,
45900,20.0,652.0,832.0,,,,,,,,,
46000,40.0,660.0,800.0,,,,,,,,,
46100,40.0,712.0,832.0,,,,,,,,,
46200,24.0,712.0,664.0,,,,,,,,,
46300,-32.0,704.0,776.0,,,,,,,,,
46400,-48.0,704.0,832.0,,,,,,,,,
46500,-64.0,720.0,820.0,,,,,,,,,
46600,-52.0,708.0,824.0,,,,,,,,,
46700,-68.0,720.0,776.0,,,,,,,,,
46800,-52.0,720.0,736.0,,,,,,,,,
46900,0.0,700.0,752.0,,,,,,,,,
47000,4.0,688.0,780.0,,,,,,,,,
47100,-48.0,704.0,764.0,,,,,,,,,
47200,-56.0,736.0,772.0,,,,,,,,,
47300,-52.0,732.0,764.0,,,,,,,,,
47400,-56.0,728.0,740.0,,,,,,,,,
47500,-64.0,736.0,732.0,,,,,,,,,
47600,-88.0,740.0,724.0,,,,,,,,,
47700,-92.0,740.0,748.0,,,,,,,,,
47800,-92.0,736.0,772.0,,,,,,,,,
47900,-92.0,732.0,760.0,,,,,,,,,
48000,-96.0,732.0,740.0,,,,,,,,,
48100,-96.0,728.0,748.0,,,,,,,,,
48200,-100.0,724.0,764.0,,,,,,,,,
48300,-112.0,732.0,760.0,,,,,,,,,
48400,-108.0,736.0,752.0,,,,,,,,,
48500,-100.0,728.0,752.0,,,,,,,,,
48600,-100.0,724.0,756.0,,,,,,,,,
48700,-100.0,724.0,764.0,,,,,,,,,
48800,-100.0,728.0,740.0,,,,,,,,,
48900,-88.0,720.0,740.0,,,,,,,,,
49000,-92.0,736.0,736.0,,,,,,,,,
49100,-96.0,748.0,728.0,,,,,,,,,
49200,-92.0,752.0,740.0,,,,,,,,,
49300,-88.0,748.0,740.0,,,,,,,,,
49400,-76.0,736.0,744.0,,,,,,,,,
49500,-76.0,740.0,756.0,,,,,,,,,
49600,-68.0,744.0,740.0,,,,,,,,,
49700,-68.0,740.0,720.0,,,,,,,,,
49800,-64.0,748.0,736.0,,,,,,,,,
49900,-68.0,752.0,708.0,,,,,,,,,
50000,-52.0,740.0,728.0,,,,,,,,,
50100,-20.0,740.0,716.0,,,,,,,,,
50200,-4.0,712.0,712.0,,,,,,,,,
50300,-4.0,684.0,748.0,,,,,,,,,
50400,-16.0,704.0,788.0,,,,,,,,,
50500,-28.0,732.0,776.0,,,,,,,,,
50600,-68.0,816.0,732.0,,,,,,,,,
50700,-80.0,764.0,792.0,,,,,,,,,
50800,-152.0,744.0,772.0,,,,,,,,,
50900,-92.0,676.0,872.0,,,,,,,,,
51000,-68.0,684.0,812.0,,,,,,,,,
51100,-60.0,748.0,724.0,,,,,,,,,
51200,0.0,728.0,768.0,,,,,,,,,
51300,64.0,664.0,804.0,,,,,,,,,
51400,-8.0,620.0,796.0,,,,,,,,,
51500,-92.0,656.0,848.0,,,,,,,,,
51600,-152.0,692.0,844.0,,,,,,,,,
51700,-180.0,616.0,872.0,,,,,,,,,
51800,-148.0,496.0,884.0,,,,,,,,,
51900,-108.0,552.0,856.0,,,,,,,,,
52000,-96.0,580.0,784.0,,,,,,,,,
52100,-44.0,536.0,792.0,,,,,,,,,
52200,-4.0,552.0,876.0,,,,,,,,,
52300,-96.0,716.0,836.0,,,,,,,,,
52400,-188.0,688.0,848.0,,,,,,,,,
52500,-328.0,596.0,804.0,,,,,,,,,
52600,-384.0,584.0,796.0,,,,,,,,,
52700,-336.0,608.0,800.0,,,,,,,,,
52800,-260.0,644.0,756.0,,,,,,,,,
52900,-228.0,624.0,672.0,,,,,,,,,
53000,-232.0,568.0,616.0,,,,,,,,,
53100,-280.0,428.0,868.0,,,,,,,,,
53200,-508.0,416.0,680.0,,,,,,,,,
53300,-612.0,432.0,716.0,,,,,,,,,
53400,-728.0,388.0,676.0,,,,,,,,,
53500,-816.0,372.0,660.0,,,,,,,,,
53600,-844.0,428.0,648.0,,,,,,,,,
53700,-856.0,376.0,476.0,,,,,,,,,
53800,-848.0,312.0,504.0,,,,,,,,,
53900,-840.0,212.0,500.0,,,,,,,,,
54000,-832.0,172.0,468.0,,,,,,,,,
54100,-868.0,216.0,584.0,,,,,,,,,
54200,-900.0,244.0,472.0,,,,,,,,,
54300,-936.0,304.0,520.0,,,,,,,,,
54400,-936.0,316.0,592.0,,,,,,,,,
54500,-940.0,272.0,512.0,,,,,,,,,
54600,-968.0,276.0,572.0,,,,,,,,,
54700,-932.0,396.0,696.0,,,,,,,,,
54800,-884.0,452.0,684.0,,,,,,,,,
54900,-796.0,448.0,688.0,,,,,,,,,
55000,-668.0,496.0,644.0,,,,,,,,,
55100,-496.0,568.0,612.0,,,,,,,,,
55200,-316.0,544.0,672.0,,,,,,,,,
55300,-204.0,496.0,716.0,,,,,,,,,
55400,-148.0,528.0,708.0,,,,,,,,,
55500,-148.0,604.0,632.0,,,,,,,,,
55600,-136.0,632.0,840.0,,,,,,,,,
55700,-256.0,640.0,1056.0,,,,,,,,,
55800,-324.0,676.0,992.0,,,,,,,,,
55900,-308.0,652.0,884.0,,,,,,,,,
56000,-252.0,572.0,740.0,,,,,,,,,
56100,-132.0,516.0,728.0,,,,,,,,,
56200,-164.0,476.0,668.0,,,,,,,,,
56300,-212.0,608.0,712.0,,,,,,,,,
56400,-304.0,564.0,784.0,,,,,,,,,
56500,-256.0,536.0,672.0,,,,,,,,,
56600,-356.0,636.0,640.0,,,,,,,,,
56700,-432.0,692.0,712.0,,,,,,,,,
56800,-484.0,668.0,776.0,,,,,,,,,
56900,-500.0,588.0,772.0,,,,,,,,,
57000,-556.0,592.0,700.0,,,,,,,,,
57100,-548.0,632.0,684.0,,,,,,,,,
57200,-536.0,604.0,660.0,,,,,,,,,
57300,-528.0,604.0,660.0,,,,,,,,,
57400,-544.0,608.0,640.0,,,,,,,,,
57500,-564.0,608.0,708.0,,,,,,,,,
57600,-572.0,592.0,732.0,,,,,,,,,
57700,-568.0,512.0,684.0,,,,,,,,,
57800,-576.0,520.0,716.0,,,,,,,,,
57900,-564.0,572.0,684.0,,,,,,,,,
58000,-560.0,580.0,672.0,,,,,,,,,
58100,-572.0,560.0,664.0,,,,,,,,,
58200,-576.0,536.0,676.0,,,,,,,,,
58300,-556.0,556.0,756.0,,,,,,,,,
58400,-592.0,504.0,736.0,,,,,,,,,
58500,-628.0,484.0,664.0,,,,,,,,,
58600,-596.0,496.0,640.0,,,,,,,,,
58700,-536.0,496.0,692.0,,,,,,,,,
58800,-556.0,516.0,680.0,,,,,,,,,
58900,-584.0,492.0,660.0,,,,,,,,,
59000,-580.0,520.0,760.0,,,,,,,,,
59100,-576.0,524.0,716.0,,,,,,,,,
59200,-556.0,528.0,680.0,,,,,,,,,
59300,-584.0,500.0,648.0,,,,,,,,,
59400,-588.0,468.0,740.0,,,,,,,,,
59500,-636.0,492.0,808.0,,,,,,,,,
59600,-640.0,424.0,824.0,,,,,,,,,
59700,-668.0,420.0,800.0,,,,,,,,,
59800,-660.0,476.0,808.0,,,,,,,,,
59900,-596.0,548.0,824.0,,,,,,,,,
60000,-536.0,580.0,768.0,,,,,,,,,
60100,-452.0,632.0,592.0,,,,,,,,,
60200,-324.0,592.0,732.0,,,,,,,,,
60300,-240.0,616.0,724.0,,,,,,,,,
60400,-152.0,676.0,748.0,,,,,,,,,
60500,-92.0,720.0,696.0,,,,,,,,,
60600,-60.0,724.0,664.0,,,,,,,,,
60700,64.0,748.0,772.0,,,,,,,,,
60800,-36.0,672.0,832.0,,,,,,,,,
60900,-40.0,540.0,836.0,,,,,,,,,
61000,-16.0,520.0,844.0,,,,,,,,,
61100,-188.0,652.0,892.0,,,,,,,,,
61200,-244.0,700.0,988.0,,,,,,,,,
61300,-204.0,592.0,856.0,,,,,,,,,
61400,-96.0,520.0,772.0,,,,,,,,,
61500,44.0,504.0,716.0,,,,,,,,,
61600,100.0,812.0,764.0,,,,,,,,,
61700,12.0,824.0,876.0,,,,,,,,,
61800,44.0,708.0,664.0,,,,,,,,,
61900,144.0,720.0,676.0,,,,,,,,,
62000,164.0,752.0,708.0,,,,,,,,,
62100,140.0,692.0,764.0,,,,,,,,,
62200,232.0,624.0,624.0,,,,,,,,,
62300,288.0,660.0,528.0,,,,,,,,,
62400,336.0,716.0,728.0,,,,,,,,,
62500,288.0,772.0,932.0,,,,,,,,,
62600,224.0,704.0,868.0,,,,,,,,,
62700,256.0,660.0,864.0,,,,,,,,,
62800,212.0,616.0,804.0,,,,,,,,,
62900,332.0,712.0,708.0,,,,,,,,,
63000,340.0,696.0,588.0,,,,,,,,,
63100,344.0,612.0,612.0,,,,,,,,,
63200,332.0,624.0,644.0,,,,,,,,,
63300,460.0,648.0,736.0,,,,,,,,,
63400,436.0,596.0,628.0,,,,,,,,,
63500,444.0,448.0,532.0,,,,,,,,,
63600,544.0,372.0,592.0,,,,,,,,,
63700,224.0,600.0,356.0,,,,,,,,,
63800,136.0,804.0,1072.0,,,,,,,,,
63900,-140.0,732.0,1308.0,,,,,,,,,
64000,-156.0,780.0,1088.0,,,,,,,,,
64100,-208.0,828.0,668.0,,,,,,,,,
64200,-316.0,1164.0,732.0,,,,,,,,,
64300,-152.0,816.0,784.0,,,,,,,,,
64400,-36.0,488.0,832.0,,,,,,,,,
64500,112.0,368.0,740.0,,,,,,,,,
64600,336.0,432.0,608.0,,,,,,,,,
64700,460.0,504.0,584.0,,,,,,,,,
64800,532.0,524.0,476.0,,,,,,,,,
64900,620.0,456.0,644.0,,,,,,,,,
65000,564.0,508.0,732.0,,,,,,,,,
65100,548.0,500.0,688.0,,,,,,,,,
65200,624.0,356.0,396.0,,,,,,,,,
65300,360.0,400.0,720.0,,,,,,,,,
65400,352.0,564.0,920.0,,,,,,,,,
65500,192.0,632.0,884.0,,,,,,,,,
65600,4.0,708.0,852.0,,,,,,,,,
65700,-32.0,808.0,820.0,,,,,,,,,
65800,-32.0,800.0,792.0,,,,,,,,,
65900,-116.0,868.0,804.0,,,,,,,,,
66000,-56.0,792.0,804.0,,,,,,,,,
66100,100.0,680.0,812.0,,,,,,,,,
66200,180.0,636.0,920.0,,,,,,,,,
66300,216.0,592.0,796.0,,,,,,,,,
66400,316.0,616.0,640.0,,,,,,,,,
66500,364.0,672.0,520.0,,,,,,,,,
66600,380.0,664.0,624.0,,,,,,,,,
66700,360.0,684.0,772.0,,,,,,,,,
66800,336.0,732.0,740.0,,,,,,,,,
66900,316.0,700.0,748.0,,,,,,,,,
67000,336.0,684.0,712.0,,,,,,,,,
67100,332.0,720.0,776.0,,,,,,,,,
67200,324.0,704.0,792.0,,,,,,,,,
67300,340.0,656.0,764.0,,,,,,,,,
67400,368.0,576.0,740.0,,,,,,,,,
67500,348.0,596.0,780.0,,,,,,,,,
67600,268.0,668.0,856.0,,,,,,,,,
67700,264.0,660.0,844.0,,,,,,,,,
67800,292.0,608.0,712.0,,,,,,,,,
67900,300.0,608.0,748.0,,,,,,,,,
68000,312.0,624.0,748.0,,,,,,,,,
68100,312.0,620.0,768.0,,,,,,,,,
68200,320.0,620.0,756.0,,,,,,,,,
68300,316.0,632.0,804.0,,,,,,,,,
68400,276.0,644.0,752.0,,,,,,,,,
68500,276.0,632.0,784.0,,,,,,,,,
68600,288.0,624.0,800.0,,,,,,,,,
68700,280.0,620.0,760.0,,,,,,,,,
68800,288.0,652.0,772.0,,,,,,,,,
68900,268.0,668.0,768.0,,,,,,,,,
69000,280.0,648.0,764.0,,,,,,,,,
69100,280.0,660.0,816.0,,,,,,,,,
69200,264.0,660.0,796.0,,,,,,,,,
69300,248.0,648.0,760.0,,,,,,,,,
69400,244.0,680.0,784.0,,,,,,,,,
69500,280.0,700.0,800.0,,,,,,,,,
69600,264.0,664.0,844.0,,,,,,,,,
69700,280.0,616.0,772.0,,,,,,,,,
69800,260.0,648.0,776.0,,,,,,,,,
69900,268.0,708.0,808.0,,,,,,,,,
70000,240.0,660.0,780.0,,,,,,,,,
70100,232.0,648.0,804.0,,,,,,,,,
70200,228.0,668.0,820.0,,,,,,,,,
70300,236.0,664.0,796.0,,,,,,,,,
70400,220.0,664.0,788.0,,,,,,,,,
70500,236.0,656.0,788.0,,,,,,,,,
70600,244.0,640.0,788.0,,,,,,,,,
70700,260.0,628.0,792.0,,,,,,,,,
70800,268.0,632.0,776.0,,,,,,,,,
70900,260.0,640.0,788.0,,,,,,,,,
71000,256.0,644.0,792.0,,,,,,,,,
71100,256.0,648.0,804.0,,,,,,,,,
71200,256.0,648.0,784.0,,,,,,,,,
71300,252.0,652.0,788.0,,,,,,,,,
71400,256.0,644.0,776.0,,,,,,,,,
71500,260.0,652.0,792.0,,,,,,,,,
71600,252.0,652.0,780.0,,,,,,,,,
71700,268.0,668.0,820.0,,,,,,,,,
71800,244.0,672.0,788.0,,,,,,,,,
71900,252.0,640.0,800.0,,,,,,,,,
72000,256.0,708.0,828.0,,,,,,,,,
72100,252.0,720.0,852.0,,,,,,,,,
72200,256.0,680.0,880.0,,,,,,,,,
72300,288.0,656.0,776.0,,,,,,,,,
72400,300.0,664.0,732.0,,,,,,,,,
72500,332.0,596.0,740.0,,,,,,,,,
72600,332.0,576.0,676.0,,,,,,,,,
72700,336.0,576.0,688.0,,,,,,,,,
72800,244.0,692.0,816.0,,,,,,,,,
72900,96.0,668.0,1124.0,,,,,,,,,
73000,16.0,580.0,1008.0,,,,,,,,,
73100,-16.0,512.0,928.0,,,,,,,,,
73200,80.0,468.0,956.0,,,,,,,,,
73300,112.0,488.0,804.0,,,,,,,,,
73400,140.0,640.0,760.0,,,,,,,,,
73500,160.0,636.0,848.0,,,,,,,,,
73600,168.0,612.0,804.0,,,,,,,,,
73700,160.0,624.0,824.0,,,,,,,,,
73800,152.0,628.0,824.0,,,,,,,,,
73900,148.0,636.0,832.0,,,,,,,,,
74000,148.0,624.0,840.0,,,,,,,,,
74100,136.0,624.0,828.0,,,,,,,,,
74200,136.0,616.0,844.0,,,,,,,,,
74300,140.0,632.0,816.0,,,,,,,,,
74400,144.0,620.0,808.0,,,,,,,,,
74500,144.0,592.0,880.0,,,,,,,,,
74600,132.0,576.0,840.0,,,,,,,,,
74700,120.0,572.0,928.0,,,,,,,,,
74800,116.0,584.0,924.0,,,,,,,,,
74900,144.0,620.0,828.0,,,,,,,,,
75000,180.0,628.0,744.0,,,,,,,,,
75100,208.0,592.0,740.0,,,,,,,,,
75200,192.0,620.0,736.0,,,,,,,,,
75300,160.0,644.0,864.0,,,,,,,,,
75400,120.0,648.0,872.0,,,,,,,,,
75500,100.0,640.0,884.0,,,,,,,,,
75600,52.0,648.0,916.0,,,,,,,,,
75700,-8.0,672.0,828.0,,,,,,,,,
75800,0.0,680.0,912.0,,,,,,,,,
75900,44.0,668.0,852.0,,,,,,,,,
76000,52.0,632.0,756.0,,,,,,,,,
76100,80.0,640.0,760.0,,,,,,,,,
76200,84.0,660.0,800.0,,,,,,,,,
76300,92.0,680.0,848.0,,,,,,,,,
76400,88.0,668.0,808.0,,,,,,,,,
76500,64.0,624.0,728.0,,,,,,,,,
76600,112.0,660.0,864.0,,,,,,,,,
76700,80.0,632.0,812.0,,,,,,,,,
76800,84.0,636.0,876.0,,,,,,,,,
76900,100.0,624.0,820.0,,,,,,,,,
77000,88.0,640.0,776.0,,,,,,,,,
77100,76.0,664.0,836.0,,,,,,,,,
77200,76.0,624.0,912.0,,,,,,,,,
77300,40.0,540.0,940.0,,,,,,,,,
77400,64.0,688.0,780.0,,,,,,,,,
77500,80.0,744.0,676.0,,,,,,,,,
77600,128.0,716.0,804.0,,,,,,,,,
77700,148.0,700.0,768.0,,,,,,,,,
77800,168.0,672.0,792.0,,,,,,,,,
77900,156.0,668.0,728.0,,,,,,,,,
78000,188.0,596.0,804.0,,,,,,,,,
78100,204.0,576.0,788.0,,,,,,,,,
78200,188.0,616.0,776.0,,,,,,,,,
78300,192.0,612.0,804.0,,,,,,,,,
78400,176.0,672.0,796.0,,,,,,,,,
78500,160.0,676.0,716.0,,,,,,,,,
78600,176.0,676.0,832.0,,,,,,,,,
78700,152.0,656.0,816.0,,,,,,,,,
78800,136.0,684.0,804.0,,,,,,,,,
78900,132.0,712.0,804.0,,,,,,,,,
79000,140.0,700.0,804.0,,,,,,,,,
79100,132.0,680.0,756.0,,,,,,,,,
79200,156.0,708.0,860.0,,,,,,,,,
79300,128.0,660.0,780.0,,,,,,,,,
79400,156.0,680.0,796.0,,,,,,,,,
79500,152.0,684.0,816.0,,,,,,,,,
79600,164.0,660.0,804.0,,,,,,,,,
79700,180.0,640.0,748.0,,,,,,,,,
79800,196.0,664.0,740.0,,,,,,,,,
79900,192.0,700.0,764.0,,,,,,,,,
80000,172.0,720.0,748.0,,,,,,,,,
80100,156.0,724.0,744.0,,,,,,,,,
80200,156.0,720.0,748.0,,,,,,,,,
80300,152.0,712.0,732.0,,,,,,,,,
80400,156.0,728.0,732.0,,,,,,,,,
80500,164.0,732.0,704.0,,,,,,,,,
80600,160.0,720.0,732.0,,,,,,,,,
80700,156.0,736.0,756.0,,,,,,,,,
80800,116.0,736.0,776.0,,,,,,,,,
80900,100.0,736.0,792.0,,,,,,,,,
81000,92.0,720.0,712.0,,,,,,,,,
81100,96.0,720.0,812.0,,,,,,,,,
81200,52.0,676.0,804.0,,,,,,,,,
81300,24.0,668.0,820.0,,,,,,,,,
81400,-8.0,696.0,804.0,,,,,,,,,
81500,-16.0,716.0,804.0,,,,,,,,,
81600,-24.0,704.0,760.0,,,,,,,,,
81700,-32.0,680.0,732.0,,,,,,,,,
81800,-48.0,676.0,712.0,,,,,,,,,
81900,-76.0,664.0,720.0,,,,,,,,,
82000,-88.0,656.0,720.0,,,,,,,,,
82100,-140.0,628.0,768.0,,,,,,,,,
82200,-232.0,636.0,740.0,,,,,,,,,
82300,-316.0,648.0,736.0,,,,,,,,,
82400,-392.0,620.0,796.0,,,,,,,,,
82500,-452.0,576.0,876.0,,,,,,,,,
82600,-528.0,520.0,764.0,,,,,,,,,
82700,-580.0,484.0,784.0,,,,,,,,,
82800,-652.0,424.0,744.0,,,,,,,,,
82900,-652.0,424.0,684.0,,,,,,,,,
83000,-720.0,444.0,616.0,,,,,,,,,
83100,-744.0,480.0,852.0,,,,,,,,,
83200,-752.0,484.0,776.0,,,,,,,,,
83300,-688.0,500.0,692.0,,,,,,,,,
83400,-556.0,640.0,644.0,,,,,,,,,
83500,-480.0,704.0,664.0,,,,,,,,,
83600,-364.0,628.0,772.0,,,,,,,,,
83700,-316.0,560.0,760.0,,,,,,,,,
83800,-300.0,568.0,708.0,,,,,,,,,
83900,-260.0,600.0,836.0,,,,,,,,,
84000,-328.0,672.0,832.0,,,,,,,,,
84100,-248.0,732.0,744.0,,,,,,,,,
84200,-164.0,676.0,712.0,,,,,,,,,
84300,-68.0,644.0,692.0,,,,,,,,,
84400,-40.0,648.0,752.0,,,,,,,,,
84500,-120.0,676.0,904.0,,,,,,,,,
84600,-84.0,656.0,936.0,,,,,,,,,
84700,-24.0,672.0,732.0,,,,,,,,,
84800,36.0,672.0,728.0,,,,,,,,,
84900,32.0,656.0,828.0,,,,,,,,,
85000,-12.0,632.0,788.0,,,,,,,,,
85100,-8.0,636.0,788.0,,,,,,,,,
85200,-84.0,616.0,764.0,,,,,,,,,
85300,-120.0,624.0,828.0,,,,,,,,,
85400,-176.0,612.0,820.0,,,,,,,,,
85500,-212.0,588.0,868.0,,,,,,,,,
85600,-236.0,536.0,920.0,,,,,,,,,
85700,-244.0,528.0,876.0,,,,,,,,,
85800,-256.0,516.0,884.0,,,,,,,,,
85900,-256.0,508.0,868.0,,,,,,,,,
86000,-260.0,512.0,868.0,,,,,,,,,
86100,-260.0,516.0,900.0,,,,,,,,,
86200,-268.0,512.0,872.0,,,,,,,,,
86300,-268.0,536.0,860.0,,,,,,,,,
86400,-272.0,520.0,876.0,,,,,,,,,
86500,-268.0,516.0,868.0,,,,,,,,,
86600,-264.0,504.0,860.0,,,,,,,,,
86700,-240.0,500.0,852.0,,,,,,,,,
86800,-260.0,548.0,820.0,,,,,,,,,
86900,-288.0,600.0,824.0,,,,,,,,,
87000,-288.0,596.0,812.0,,,,,,,,,
87100,-268.0,588.0,840.0,,,,,,,,,
87200,-252.0,584.0,812.0,,,,,,,,,
87300,-248.0,596.0,812.0,,,,,,,,,
87400,-216.0,588.0,844.0,,,,,,,,,
87500,-228.0,632.0,772.0,,,,,,,,,
87600,-224.0,648.0,800.0,,,,,,,,,
87700,-208.0,652.0,816.0,,,,,,,,,
87800,-184.0,648.0,804.0,,,,,,,,,
87900,-156.0,640.0,792.0,,,,,,,,,
88000,-160.0,624.0,840.0,,,,,,,,,
88100,-156.0,652.0,740.0,,,,,,,,,
88200,-124.0,676.0,852.0,,,,,,,,,
88300,-140.0,600.0,968.0,,,,,,,,,
88400,-128.0,676.0,936.0,,,,,,,,,
88500,-80.0,748.0,700.0,,,,,,,,,
88600,-52.0,748.0,708.0,,,,,,,,,
88700,-28.0,696.0,736.0,,,,,,,,,
88800,-24.0,716.0,684.0,,,,,,,,,
88900,-28.0,728.0,736.0,,,,,,,,,
89000,12.0,728.0,772.0,,,,,,,,,
89100,-20.0,716.0,792.0,,,,,,,,,
89200,-12.0,716.0,772.0,,,,,,,,,
89300,8.0,732.0,740.0,,,,,,,,,
89400,16.0,748.0,736.0,,,,,,,,,
89500,16.0,748.0,752.0,,,,,,,,,
89600,12.0,752.0,736.0,,,,,,,,,
89700,16.0,760.0,744.0,,,,,,,,,
89800,8.0,760.0,724.0,,,,,,,,,
89900,8.0,756.0,736.0,,,,,,,,,
90000,16.0,748.0,740.0,,,,,,,,,
90100,12.0,768.0,676.0,,,,,,,,,
90200,16.0,756.0,692.0,,,,,,,,,
90300,12.0,712.0,732.0,,,,,,,,,
90400,12.0,724.0,736.0,,,,,,,,,
90500,24.0,760.0,740.0,,,,,,,,,
90600,28.0,752.0,736.0,,,,,,,,,
90700,28.0,732.0,752.0,,,,,,,,,
90800,40.0,724.0,792.0,,,,,,,,,
90900,48.0,724.0,780.0,,,,,,,,,
91000,40.0,692.0,812.0,,,,,,,,,
91100,24.0,680.0,824.0,,,,,,,,,
91200,0.0,676.0,828.0,,,,,,,,,
91300,0.0,684.0,808.0,,,,,,,,,
91400,0.0,656.0,856.0,,,,,,,,,
91500,0.0,632.0,864.0,,,,,,,,,
91600,-4.0,640.0,832.0,,,,,,,,,
91700,-8.0,652.0,824.0,,,,,,,,,
91800,-36.0,656.0,828.0,,,,,,,,,
91900,-28.0,632.0,840.0,,,,,,,,,
92000,-36.0,612.0,836.0,,,,,,,,,
92100,-36.0,600.0,840.0,,,,,,,,,
92200,-44.0,600.0,868.0,,,,,,,,,
92300,-64.0,604.0,868.0,,,,,,,,,
92400,-60.0,600.0,860.0,,,,,,,,,
92500,-68.0,608.0,840.0,,,,,,,,,
92600,-68.0,612.0,860.0,,,,,,,,,
92700,-68.0,580.0,888.0,,,,,,,,,
92800,-72.0,560.0,872.0,,,,,,,,,
92900,-68.0,580.0,856.0,,,,,,,,,
93000,-60.0,600.0,836.0,,,,,,,,,
93100,-48.0,600.0,836.0,,,,,,,,,
93200,-52.0,592.0,828.0,,,,,,,,,
93300,-84.0,616.0,840.0,,,,,,,,,
93400,-108.0,620.0,880.0,,,,,,,,,
93500,-132.0,596.0,924.0,,,,,,,,,
93600,-148.0,560.0,892.0,,,,,,,,,
93700,-128.0,536.0,916.0,,,,,,,,,
93800,-152.0,548.0,900.0,,,,,,,,,
93900,-124.0,644.0,856.0,,,,,,,,,
94000,-104.0,620.0,804.0,,,,,,,,,
94100,-60.0,564.0,832.0,,,,,,,,,
94200,64.0,576.0,892.0,,,,,,,,,
94300,60.0,672.0,816.0,,,,,,,,,
94400,76.0,676.0,820.0,,,,,,,,,
94500,24.0,636.0,768.0,,,,,,,,,
94600,-60.0,628.0,792.0,,,,,,,,,
94700,-160.0,640.0,740.0,,,,,,,,,
94800,-128.0,704.0,716.0,,,,,,,,,
94900,-100.0,732.0,652.0,,,,,,,,,
95000,-32.0,760.0,620.0,,,,,,,,,
95100,60.0,840.0,740.0,,,,,,,,,
95200,76.0,680.0,868.0,,,,,,,,,
95300,-88.0,752.0,676.0,,,,,,,,,
95400,-52.0,796.0,740.0,,,,,,,,,
95500,-72.0,732.0,784.0,,,,,,,,,
95600,-144.0,664.0,812.0,,,,,,,,,
95700,-144.0,612.0,936.0,,,,,,,,,
95800,-180.0,588.0,900.0,,,,,,,,,
95900,-156.0,592.0,820.0,,,,,,,,,
96000,-92.0,596.0,728.0,,,,,,,,,
96100,-64.0,556.0,744.0,,,,,,,,,
96200,-28.0,676.0,816.0,,,,,,,,,
96300,-136.0,856.0,892.0,,,,,,,,,
96400,-180.0,724.0,828.0,,,,,,,,,
96500,-232.0,588.0,772.0,,,,,,,,,
96600,-224.0,560.0,744.0,,,,,,,,,
96700,-224.0,648.0,792.0,,,,,,,,,
96800,-156.0,612.0,836.0,,,,,,,,,
96900,-144.0,628.0,764.0,,,,,,,,,
97000,-164.0,652.0,708.0,,,,,,,,,
97100,-128.0,620.0,840.0,,,,,,,,,
97200,-236.0,560.0,824.0,,,,,,,,,
97300,-292.0,536.0,892.0,,,,,,,,,
97400,-400.0,540.0,756.0,,,,,,,,,
97500,-440.0,540.0,892.0,,,,,,,,,
97600,-496.0,540.0,812.0,,,,,,,,,
97700,-552.0,548.0,792.0,,,,,,,,,
97800,-540.0,516.0,788.0,,,,,,,,,
97900,-500.0,492.0,844.0,,,,,,,,,
98000,-464.0,512.0,756.0,,,,,,,,,
98100,-412.0,512.0,736.0,,,,,,,,,
98200,-336.0,460.0,756.0,,,,,,,,,
98300,-404.0,528.0,704.0,,,,,,,,,
98400,-380.0,608.0,820.0,,,,,,,,,
98500,-356.0,632.0,796.0,,,,,,,,,
98600,-344.0,612.0,668.0,,,,,,,,,
98700,-368.0,608.0,684.0,,,,,,,,,
98800,-408.0,592.0,696.0,,,,,,,,,
98900,-456.0,548.0,720.0,,,,,,,,,
99000,-512.0,492.0,712.0,,,,,,,,,
99100,-544.0,496.0,692.0,,,,,,,,,
99200,-612.0,480.0,672.0,,,,,,,,,
99300,-644.0,456.0,616.0,,,,,,,,,
99400,-672.0,464.0,588.0,,,,,,,,,
99500,-700.0,440.0,536.0,,,,,,,,,
99600,-752.0,416.0,516.0,,,,,,,,,
99700,-784.0,392.0,608.0,,,,,,,,,
99800,-844.0,352.0,780.0,,,,,,,,,
99900,-828.0,372.0,696.0,,,,,,,,,
